AssetClass,Symbol,Description,ListingExchange,DateTime,Quantity,TradePrice,TradeMoney,Proceeds,Taxes,IBCommission,NetCash,ClosePrice,CostBasis,FifoPnlRealized,Buy/Sell
CASH,EUR.USD,EUR.USD,,2024-03-20;15:39:47,-100,1.092,-109.2,109.2,0,-2,0,0,0,0,SELL
STK,AMZN,AMAZON.COM INC,NASDAQ,2024-03-21;09:30:31,0.5,180.86,90.43,-90.43,0,-0.35035725,-90.78035725,178.15,90.78035725,0,BUY
STK,AMD,ADVANCED MICRO DEVICES,NASDAQ,2024-05-01;09:30:07,0.6747,147.4083,99.45638001,-99.45638001,0,-0.35039219,-99.8067722,144.27,99.8067722,0,BUY
STK,AAPL,APPLE INC,NASDAQ,2024-05-01;09:30:09,0.5883,169.8839,99.94269837,-99.94269837,0,-0.35037491,-100.29307328,169.3,100.29307328,0,BUY
STK,AAPL,APPLE INC,NASDAQ,2024-05-01;09:30:13,0.0003,169.97,0.050991,-0.050991,0,-0.00000006,-0.05099106,169.3,0.05099106,0,BUY
STK,AMD,ADVANCED MICRO DEVICES,NASDAQ,2024-05-01;09:30:13,0.0036,146.91,0.528876,-0.528876,0,-0.00000072,-0.52887672,144.27,0.52887672,0,BUY
STK,AMD,ADVANCED MICRO DEVICES,NASDAQ,2024-05-01;09:30:15,0.0001,146.77,0.014677,-0.014677,0,-0.00000002,-0.01467702,144.27,0.01467702,0,BUY
STK,GOOGL,ALPHABET INC-CL A,NASDAQ,2024-05-13;09:30:07,0.6072,164.64,99.969408,-99.969408,0,-0.35037869,-100.31978669,169.14,100.31978669,0,BUY
STK,GOOGL,ALPHABET INC-CL A,NASDAQ,2024-05-13;09:30:12,0.0001,164.7,0.01647,-0.01647,0,-0.00000002,-0.01647002,169.14,0.01647002,0,BUY
CASH,EUR.USD,EUR.USD,,2024-05-13;09:43:55,-62.88,1.08015,-67.919832,67.919832,0,0,0,0,0,0,SELL
STK,INTC,INTEL CORP,NASDAQ,2024-05-14;09:30:00,3,30.62,91.86,-91.86,0,-0.35535725,-92.21535725,31.05,92.21535725,0,BUY
CASH,EUR.USD,EUR.USD,,2024-05-14;09:31:01,-84.97,1.0813,-91.878061,91.878061,0,0,0,0,0,0,SELL
CASH,EUR.USD,EUR.USD,,2024-05-14;09:31:01,-0.31,1.08125,-0.3351875,0.3351875,0,0,0,0,0,0,SELL
STK,BRK B,BERKSHIRE HATHAWAY INC-CL B,NYSE,2024-05-14;09:46:19,0.2439,409.853,99.9631467,-99.9631467,0,-0.35030603,-100.31345273,410.24,100.31345273,0,BUY
CASH,EUR.USD,EUR.USD,,2024-05-14;09:46:23,-92,1.07985,-99.3462,99.3462,0,0,0,0,0,0,SELL
CASH,EUR.USD,EUR.USD,,2024-05-14;09:46:23,-0.33,1.0798,-0.356334,0.356334,0,0,0,0,0,0,SELL
CASH,EUR.USD,EUR.USD,,2024-05-14;09:46:28,-0.43,1.0798,-0.464314,0.464314,0,0,0,0,0,0,SELL
CASH,EUR.USD,EUR.USD,,2024-05-14;09:46:29,-0.12,1.08135,-0.129762,0.129762,0,0,0,0,0,0,SELL
CASH,EUR.USD,EUR.USD,,2024-05-14;17:00:00,-0.00353532,1.08157543,-0.00382372,0.00382372,0,0,0,0,0,0,SELL
STK,META,META PLATFORMS INC-CLASS A,NASDAQ,2024-05-22;14:37:53,0.2142,466.8,99.98856,-99.98856,0,-0.35030009,-100.33886009,467.78,100.33886009,0,BUY
CASH,EUR.USD,EUR.USD,,2024-05-22;14:37:53,-0.21,1.0819,-0.227199,0.227199,0,0,0,0,0,0,SELL
CASH,EUR.USD,EUR.USD,,2024-05-22;14:37:54,-92.43,1.082,-100.00926,100.00926,0,0,0,0,0,0,SELL
STK,AAPL,APPLE INC,NASDAQ,2024-05-23;09:30:00,0.0006,190.98,0.114588,-0.114588,0,-0.000114792,-0.114702792,186.88,0.114702792,0,BUY
CASH,EUR.USD,EUR.USD,,2024-05-23;09:31:00,-0.08,1.08575,-0.08686,0.08686,0,0,0,0,0,0,SELL
CASH,EUR.USD,EUR.USD,,2024-05-23;17:00:00,-0.00022557,1.08117555,-0.000243882,0.000243882,0,0,0,0,0,0,SELL
STK,BRK B,BERKSHIRE HATHAWAY INC-CL B,NYSE,2024-05-24;10:57:27,0.4911,407.15,199.951365,-199.951365,0,-0.35035547,-200.30172047,407.41,200.30172047,0,BUY
STK,BRK B,BERKSHIRE HATHAWAY INC-CL B,NYSE,2024-05-24;10:57:28,0.0001,407.2,0.04072,-0.04072,0,-0.00000002,-0.04072002,407.41,0.04072002,0,BUY
CASH,EUR.USD,EUR.USD,,2024-05-24;10:57:28,-0.3,1.08435,-0.325305,0.325305,0,0,0,0,0,0,SELL
CASH,EUR.USD,EUR.USD,,2024-05-24;10:57:29,-0.02,1.08455,-0.021691,0.021691,0,0,0,0,0,0,SELL
CASH,EUR.USD,EUR.USD,,2024-05-24;10:57:29,-184.45,1.08455,-200.0452475,200.0452475,0,0,0,0,0,0,SELL
CASH,EUR.USD,EUR.USD,,2024-05-24;17:00:00,-0.00309809,1.08437459,-0.00335949,0.00335949,0,0,0,0,0,0,SELL
STK,BRK B,BERKSHIRE HATHAWAY INC-CL B,NYSE,2024-05-28;15:55:26,0.3468,403.62,139.975416,-139.975416,0,-0.35032661,-140.32574261,403.9,140.32574261,0,BUY
CASH,EUR.USD,EUR.USD,,2024-05-28;15:55:26,-0.33,1.0859,-0.358347,0.358347,0,0,0,0,0,0,SELL
CASH,EUR.USD,EUR.USD,,2024-05-28;15:55:27,-128.87,1.08595,-139.9463765,139.9463765,0,0,0,0,0,0,SELL
CASH,EUR.USD,EUR.USD,,2024-05-28;17:00:00,-2.26314102,1.08533236,-2.456260179,2.456260179,0,0,0,0,0,0,SELL
STK,GOOGL,ALPHABET INC-CL A,NASDAQ,2024-06-18;09:33:09,0.0005,176.44,0.08822,-0.08822,0,-0.000088385,-0.088308385,175.09,0.088308385,0,BUY
STK,HUMA,HUMACYTE INC,NASDAQ,2024-06-27;09:30:00,15,4.95,74.25,-74.25,0,-0.37575725,-74.62575725,4.7,74.62575725,0,BUY
STK,COIN,COINBASE GLOBAL INC -CLASS A,NASDAQ,2024-06-27;09:30:01,1,217.6,217.6,-217.6,0,-0.35195725,-217.95195725,224,217.95195725,0,BUY
CASH,EUR.USD,EUR.USD,,2024-06-27;09:30:13,-0.6,1.0703,-0.64218,0.64218,0,0,0,0,0,0,SELL
CASH,EUR.USD,EUR.USD,,2024-06-27;09:30:13,-270,1.0703,-288.981,288.981,0,0,0,0,0,0,SELL
CASH,EUR.USD,EUR.USD,,2024-06-27;09:30:14,-0.34,1.0718,-0.364412,0.364412,0,0,0,0,0,0,SELL
STK,META,META PLATFORMS INC-CLASS A,NASDAQ,2024-06-27;09:33:27,0.0001,517.65,0.051765,-0.051765,0,-0.000051823,-0.051816823,519.56,0.051816823,0,BUY
CASH,EUR.USD,EUR.USD,,2024-06-27;09:33:34,-0.05,1.0706,-0.05353,0.05353,0,0,0,0,0,0,SELL
STK,AAPL,APPLE INC,NASDAQ,2024-08-16;09:33:28,0.0005,223.7,0.11185,-0.11185,0,-0.000112032,-0.111962032,226.05,0.111962032,0,BUY
STK,INTC,INTEL CORP,NASDAQ,2024-09-04;09:33:17,0.016,19.96,0.31936,-0.31936,0,-0.000322795,-0.319682795,19.43,0.319682795,0,BUY
STK,COIN,COINBASE GLOBAL INC -CLASS A,NASDAQ,2024-09-05;09:30:01,2,161.62,323.24,-323.24,0,-0.35372725,-323.59372725,159.7,323.59372725,0,BUY
CASH,EUR.USD,EUR.USD,,2024-09-05;09:30:02,-0.3,1.10905,-0.332715,0.332715,0,0,0,0,0,0,SELL
CASH,EUR.USD,EUR.USD,,2024-09-05;09:30:05,-291.13,1.11045,-323.2853085,323.2853085,0,0,0,0,0,0,SELL
CASH,EUR.USD,EUR.USD,,2024-09-05;17:00:00,-0.0008746,1.11046252,-0.000971216,0.000971216,0,0,0,0,0,0,SELL
STK,GOOGL,ALPHABET INC-CL A,NASDAQ,2024-09-17;09:34:20,0.0006,159.1,0.09546,-0.09546,0,-0.000095681,-0.095555681,159.32,0.095555681,0,BUY
STK,META,META PLATFORMS INC-CLASS A,NASDAQ,2024-09-27;09:30:00,0.0001,570,0.057,-0.057,0,-0.000057067,-0.057057067,567.36,0.057057067,0,BUY
STK,AAPL,APPLE INC,NASDAQ,2024-11-15;09:31:09,0.0005,226.46,0.11323,-0.11323,0,-0.000113449,-0.113343449,225,0.113343449,0,BUY
STK,GOOGL,ALPHABET INC-CL A,NASDAQ,2024-12-17;09:30:00,0.0005,196.99,0.098495,-0.098495,0,-0.000098703,-0.098593703,195.42,0.098593703,0,BUY
STK,AVUV,AVANTIS US SMALL CAP VALUE,ARCA,2024-12-23;09:30:00,2,96.11,192.22,-192.22,0,-0.35375325,-192.57375325,96.09,192.57375325,0,BUY
CASH,EUR.USD,EUR.USD,,2024-12-23;09:30:00,-0.25,1.0397,-0.259925,0.259925,0,0,0,0,0,0,SELL
CASH,EUR.USD,EUR.USD,,2024-12-23;09:30:01,-184.84,1.03885,-192.021034,192.021034,0,0,0,0,0,0,SELL
CASH,EUR.USD,EUR.USD,,2024-12-23;09:30:07,-0.19,1.03975,-0.1975525,0.1975525,0,0,0,0,0,0,SELL
STK,AMD,ADVANCED MICRO DEVICES,NASDAQ,2024-12-23;21:58:32,1,125.53,125.53,-125.53,0,-0.35252925,-125.88252925,126.29,125.88252925,0,BUY
STK,AMD,ADVANCED MICRO DEVICES,NASDAQ,2024-12-23;21:58:32,1,125.55,125.55,-125.55,0,-0.002272,-125.552272,126.29,125.552272,0,BUY
CASH,EUR.USD,EUR.USD,,2024-12-23;21:58:32,-0.34,1.03945,-0.353413,0.353413,0,0,0,0,0,0,SELL
CASH,EUR.USD,EUR.USD,,2024-12-23;21:58:33,-0.03,1.03955,-0.0311865,0.0311865,0,0,0,0,0,0,SELL
CASH,EUR.USD,EUR.USD,,2024-12-23;21:58:33,-241.49,1.03955,-251.0409295,251.0409295,0,0,0,0,0,0,SELL
CASH,EUR.USD,EUR.USD,,2024-12-24;17:00:00,-0.00361121,1.03992854,-0.0037554,0.0037554,0,0,0,0,0,0,SELL
STK,META,META PLATFORMS INC-CLASS A,NASDAQ,2024-12-30;09:32:21,0.0001,590.61,0.059061,-0.059061,0,-0.000059132,-0.059120132,591.24,0.059120132,0,BUY
STK,AMD,ADVANCED MICRO DEVICES,NASDAQ,2025-01-14;14:15:30,1,116.1986,116.1986,-116.1986,0,-0.35050325,-116.54910325,116.09,116.54910325,0,BUY
STK,AMD,ADVANCED MICRO DEVICES,NASDAQ,2025-01-14;14:15:30,1,116.199,116.199,-116.199,0,-0.000246,-116.199246,116.09,116.199246,0,BUY
STK,AMD,ADVANCED MICRO DEVICES,NASDAQ,2025-01-14;14:15:30,0.4,116.2,46.48,-46.48,0,-0.0000984,-46.4800984,116.09,46.4800984,0,BUY
CASH,EUR.USD,EUR.USD,,2025-01-14;14:15:30,-0.32,1.0293,-0.329376,0.329376,0,0,0,0,0,0,SELL
CASH,EUR.USD,EUR.USD,,2025-01-14;14:15:31,-0.05,1.02934,-0.051467,0.051467,0,0,0,0,0,0,SELL
CASH,EUR.USD,EUR.USD,,2025-01-14;14:15:31,-270.87,1.02934,-278.8173258,278.8173258,0,0,0,0,0,0,SELL
STK,AMD,ADVANCED MICRO DEVICES,NASDAQ,2025-01-27;13:58:08,2,113.825,227.65,-227.65,0,-0.35074925,-228.00074925,115.01,228.00074925,0,BUY
CASH,EUR.USD,EUR.USD,,2025-01-27;13:58:09,-217.17,1.04809,-227.6137053,227.6137053,0,0,0,0,0,0,SELL
CASH,EUR.USD,EUR.USD,,2025-01-27;13:58:09,-0.34,1.04805,-0.356337,0.356337,0,0,0,0,0,0,SELL
CASH,EUR.USD,EUR.USD,,2025-01-27;13:58:10,-0.03,1.04804,-0.0314412,0.0314412,0,0,0,0,0,0,SELL
STK,BRK B,BERKSHIRE HATHAWAY INC-CL B,NYSE,2025-02-05;09:32:14,-1,470.11,-470.11,470.11,0,-0.364727308,469.745272692,473.73,-407.842425,61.902848,SELL
STK,BRK B,BERKSHIRE HATHAWAY INC-CL B,NYSE,2025-02-05;09:32:14,-0.0819,469,-38.4111,38.4111,0,-0.001101571,38.409998429,473.73,-33.139211,5.270787,SELL
CASH,EUR.USD,EUR.USD,,2025-02-05;09:32:20,-0.35,1.0402,-0.36407,0.36407,0,0,0,0,0,0,SELL
STK,AMD,ADVANCED MICRO DEVICES,NASDAQ,2025-02-05;09:37:29,2,107.38,214.76,-214.76,0,-0.35074925,-215.11074925,112.01,215.11074925,0,BUY
CASH,EUR.USD,EUR.USD,,2025-02-05;09:37:29,-0.34,1.0414,-0.354076,0.354076,0,0,0,0,0,0,SELL
STK,NVDA,NVIDIA CORP,NASDAQ,2025-02-05;13:21:49,2,123.62,247.24,-247.24,0,-0.35074925,-247.59074925,124.83,247.59074925,0,BUY
CASH,EUR.USD,EUR.USD,,2025-02-05;13:21:49,-0.33,1.04155,-0.3437115,0.3437115,0,0,0,0,0,0,SELL
CASH,EUR.USD,EUR.USD,,2025-02-05;17:00:00,-0.00397593,1.03990966,-0.004134611,0.004134611,0,0,0,0,0,0,SELL
STK,RKLB,ROCKET LAB USA INC,NASDAQ,2025-02-10;20:01:10,5,30.66,153.3,-153.3,0,-0.35648725,-153.65648725,28.22,153.65648725,0,BUY
CASH,EUR.USD,EUR.USD,,2025-02-10;20:01:11,-104,1.03004,-107.12416,107.12416,0,0,0,0,0,0,SELL
CASH,EUR.USD,EUR.USD,,2025-02-10;20:01:11,-0.01,1.03004,-0.0103004,0.0103004,0,0,0,0,0,0,SELL
CASH,EUR.USD,EUR.USD,,2025-02-11;17:00:00,-0.00089478,1.03584117,-0.00092685,0.00092685,0,0,0,0,0,0,SELL
STK,AAPL,APPLE INC,NASDAQ,2025-02-14;09:32:12,0.0005,242.14,0.12107,-0.12107,0,-0.000121282,-0.121191282,244.6,0.121191282,0,BUY
STK,RKLB,ROCKET LAB USA INC,NASDAQ,2025-02-21;09:54:42,5,25.315,126.575,-126.575,0,-0.35148725,-126.92648725,23.55,126.92648725,0,BUY
CASH,EUR.USD,EUR.USD,,2025-02-21;09:54:43,-0.34,1.04759,-0.3561806,0.3561806,0,0,0,0,0,0,SELL
CASH,EUR.USD,EUR.USD,,2025-02-21;09:54:43,-120.76,1.04773,-126.5238748,126.5238748,0,0,0,0,0,0,SELL
CASH,EUR.USD,EUR.USD,,2025-02-21;09:54:44,-0.04,1.04773,-0.0419092,0.0419092,0,0,0,0,0,0,SELL
STK,VUAA,VANG S&P500 USDA,LSEETF,2025-02-21;09:56:42,2,116.18,232.36,-232.36,0,-1.7004,-234.0604,115.96,234.0604,0,BUY
CASH,EUR.USD,EUR.USD,,2025-02-21;09:56:42,-1.62,1.04759,-1.6970958,1.6970958,0,0,0,0,0,0,SELL
CASH,EUR.USD,EUR.USD,,2025-02-21;09:56:43,-0.01,1.04778,-0.0104778,0.0104778,0,0,0,0,0,0,SELL
CASH,EUR.USD,EUR.USD,,2025-02-21;09:56:43,-221.76,1.04778,-232.3556928,232.3556928,0,0,0,0,0,0,SELL
STK,INTC,INTEL CORP,NASDAQ,2025-02-27;11:08:31,3,23.845,71.535,-71.535,0,-0.35099525,-71.88599525,23.09,71.88599525,0,BUY
CASH,EUR.USD,EUR.USD,,2025-02-27;11:08:31,-0.34,1.0401,-0.353634,0.353634,0,0,0,0,0,0,SELL
CASH,EUR.USD,EUR.USD,,2025-02-27;11:08:32,-68.77,1.04014,-71.5304278,71.5304278,0,0,0,0,0,0,SELL
CASH,EUR.USD,EUR.USD,,2025-02-27;17:00:00,-2.98064347,1.03944907,-3.098227085,3.098227085,0,0,0,0,0,0,SELL
STK,VUAA,VANG S&P500 USDA,LSEETF,2025-03-10;09:18:55,2,108.48,216.96,-216.96,0,-1.909213991,-218.869213991,107.6,218.869213991,0,BUY
CASH,EUR.USD,EUR.USD,,2025-03-10;09:18:56,-199.05,1.08387,-215.7443235,215.7443235,0,0,0,0,0,0,SELL
CASH,EUR.USD,EUR.USD,,2025-03-10;09:18:56,-0.03,1.08387,-0.0325161,0.0325161,0,0,0,0,0,0,SELL
CASH,EUR.USD,EUR.USD,,2025-03-10;17:00:00,-0.00251879,1.08317495,-0.002728288,0.002728288,0,0,0,0,0,0,SELL
STK,RKLB,ROCKET LAB USA INC,NASDAQ,2025-03-12;04:00:32,6,17.89,107.34,-107.34,0,-0.36966725,-107.70966725,18.43,107.70966725,0,BUY
CASH,EUR.USD,EUR.USD,,2025-03-12;04:00:33,-98.51,1.08947,-107.3236897,107.3236897,0,0,0,0,0,0,SELL
CASH,EUR.USD,EUR.USD,,2025-03-12;04:00:33,-0.34,1.08942,-0.3704028,0.3704028,0,0,0,0,0,0,SELL
CASH,EUR.USD,EUR.USD,,2025-03-12;04:00:34,-0.01,1.08947,-0.0108947,0.0108947,0,0,0,0,0,0,SELL
CASH,EUR.USD,EUR.USD,,2025-03-12;17:00:00,-0.00430024,1.08832428,-0.00468005,0.00468005,0,0,0,0,0,0,SELL
CASH,EUR.USD,EUR.USD,,2025-03-12;17:00:00,-2.05318098,1.08832428,-2.234526709,2.234526709,0,0,0,0,0,0,SELL
STK,GOOGL,ALPHABET INC-CL A,NASDAQ,2025-03-18;09:30:00,0.0006,163.6,0.09816,-0.09816,0,-0.00009838,-0.09825838,160.67,0.09825838,0,BUY
STK,RKLB,ROCKET LAB USA INC,NASDAQ,2025-03-24;05:25:46,5,19.38,96.9,-96.9,0,-0.36643225,-97.26643225,20.21,97.26643225,0,BUY
CASH,EUR.USD,EUR.USD,,2025-03-24;05:25:46,-87.71,1.08326,-95.0127346,95.0127346,0,0,0,0,0,0,SELL
CASH,EUR.USD,EUR.USD,,2025-03-24;05:25:47,-0.01,1.08326,-0.0108326,0.0108326,0,0,0,0,0,0,SELL
CASH,EUR.USD,EUR.USD,,2025-03-24;17:00:00,-0.00610967,1.07971831,-0.006596721,0.006596721,0,0,0,0,0,0,SELL
STK,META,META PLATFORMS INC-CLASS A,NASDAQ,2025-03-27;09:30:00,0.0001,601.25,0.060125,-0.060125,0,-0.000060194,-0.060185194,602.58,0.060185194,0,BUY
STK,AVUV,AVANTIS US SMALL CAP VALUE,ARCA,2025-03-28;09:32:03,0.0065,88.77,0.577005,-0.577005,0,-0.000579028,-0.577584028,87.12,0.577584028,0,BUY
STK,VUAA,VANG S&P500 USDA,LSEETF,2025-03-31;05:07:35,4,105.32,421.28,-421.28,0,-1.7008,-422.9808,105.86,422.9808,0,BUY
CASH,EUR.USD,EUR.USD,,2025-03-31;05:07:36,-389.15,1.08247,-421.2432005,421.2432005,0,0,0,0,0,0,SELL
CASH,EUR.USD,EUR.USD,,2025-03-31;05:07:36,-1.55,1.08236,-1.677658,1.677658,0,0,0,0,0,0,SELL
CASH,EUR.USD,EUR.USD,,2025-03-31;05:07:37,-0.02,1.08247,-0.0216494,0.0216494,0,0,0,0,0,0,SELL
CASH,EUR.USD,EUR.USD,,2025-03-31;17:00:00,-0.00560623,1.08117555,-0.006061322,0.006061322,0,0,0,0,0,0,SELL
STK,COIN,COINBASE GLOBAL INC -CLASS A,NASDAQ,2025-04-01;04:00:00,1,174.25,174.25,-174.25,0,-0.34849225,-174.59849225,174.52,174.59849225,0,BUY
CASH,EUR.USD,EUR.USD,,2025-04-01;04:00:00,-0.32,1.07956,-0.3454592,0.3454592,0,0,0,0,0,0,SELL
STK,AMD,ADVANCED MICRO DEVICES,NASDAQ,2025-04-01;04:00:01,3,102.39,307.17,-307.17,0,-0.34496225,-307.51496225,102.78,307.51496225,0,BUY
CASH,EUR.USD,EUR.USD,,2025-04-01;04:00:01,-161.37,1.07962,-174.2182794,174.2182794,0,0,0,0,0,0,SELL
CASH,EUR.USD,EUR.USD,,2025-04-01;04:00:01,-0.32,1.07956,-0.3454592,0.3454592,0,0,0,0,0,0,SELL
CASH,EUR.USD,EUR.USD,,2025-04-01;04:00:01,-0.03,1.07962,-0.0323886,0.0323886,0,0,0,0,0,0,SELL
CASH,EUR.USD,EUR.USD,,2025-04-01;04:00:02,-284.48,1.07962,-307.1302976,307.1302976,0,0,0,0,0,0,SELL
CASH,EUR.USD,EUR.USD,,2025-04-01;04:00:02,-0.04,1.07962,-0.0431848,0.0431848,0,0,0,0,0,0,SELL
STK,RKLB,ROCKET LAB USA INC,NASDAQ,2025-04-01;14:10:37,4,17.967,71.868,-71.868,0,-0.35124125,-72.21924125,18.15,72.21924125,0,BUY
CASH,EUR.USD,EUR.USD,,2025-04-01;14:10:37,-66.61,1.07881,-71.8595341,71.8595341,0,0,0,0,0,0,SELL
CASH,EUR.USD,EUR.USD,,2025-04-01;14:10:37,-0.33,1.07875,-0.3559875,0.3559875,0,0,0,0,0,0,SELL
CASH,EUR.USD,EUR.USD,,2025-04-01;17:00:00,-0.00195154,1.07881749,-0.00210535,0.00210535,0,0,0,0,0,0,SELL
STK,HUMA,HUMACYTE INC,NASDAQ,2025-04-02;12:09:46,50,1.505,75.25,-75.25,0,-0.36255725,-75.61255725,1.46,75.61255725,0,BUY
CASH,EUR.USD,EUR.USD,,2025-04-02;12:09:47,-0.32,1.08576,-0.3474432,0.3474432,0,0,0,0,0,0,SELL
CASH,EUR.USD,EUR.USD,,2025-04-02;12:09:47,-0.68,1.08581,-0.7383508,0.7383508,0,0,0,0,0,0,SELL
CASH,EUR.USD,EUR.USD,,2025-04-02;12:09:47,-0.62,1.08476,-0.6725512,0.6725512,0,0,0,0,0,0,SELL
CASH,EUR.USD,EUR.USD,,2025-04-02;12:09:47,-68,1.0857,-73.8276,73.8276,0,0,0,0,0,0,SELL
CASH,EUR.USD,EUR.USD,,2025-04-02;17:00:00,-0.00609283,1.08521862,-0.00661205,0.00661205,0,0,0,0,0,0,SELL
CASH,EUR.USD,EUR.USD,,2025-04-02;17:00:00,-0.00635593,1.0856,-0.0069,0.0069,0,0,0,0,0,0,SELL
CASH,EUR.USD,EUR.USD,,2025-04-02;20:26:00,0.00635593,1.0856,0.0069,-0.0069,0,0,0,0,0,0,BUY
STK,NVDA,NVIDIA CORP,NASDAQ,2025-04-03;09:34:38,0.0001,104.84,0.010484,-0.010484,0,-0.000010516,-0.010494516,101.8,0.010494516,0,BUY
CASH,EUR.USD,EUR.USD,,2025-04-03;09:34:39,-0.01,1.10794,-0.0110794,0.0110794,0,0,0,0,0,0,SELL
CASH,EUR.USD,EUR.USD,,2025-04-03;17:00:00,-0.00625586,1.1046465,-0.006910516,0.006910516,0,0,0,0,0,0,SELL
STK,VUAA,VANG S&P500 USDA,LSEETF,2025-04-04;08:18:33,2,100.04,200.08,-200.08,0,-1.911008371,-201.991008371,98.8,201.991008371,0,BUY
CASH,EUR.USD,EUR.USD,,2025-04-04;08:18:33,-1.73,1.10589,-1.9131897,1.9131897,0,0,0,0,0,0,SELL
CASH,EUR.USD,EUR.USD,,2025-04-04;08:18:34,-0.01,1.10611,-0.0110611,0.0110611,0,0,0,0,0,0,SELL
CASH,EUR.USD,EUR.USD,,2025-04-04;08:18:34,-180.87,1.10611,-200.0621157,200.0621157,0,0,0,0,0,0,SELL
STK,GOOGL,ALPHABET INC-CL A,NASDAQ,2025-04-04;14:32:54,1,147.35,147.35,-147.35,0,-0.34839225,-147.69839225,145.6,147.69839225,0,BUY
STK,GOOGL,ALPHABET INC-CL A,NASDAQ,2025-04-04;14:36:48,0.3905,147.34,57.53627,-57.53627,0,-0.000096063,-57.536366063,145.6,57.536366063,0,BUY
CASH,EUR.USD,EUR.USD,,2025-04-04;15:25:49,-0.32,1.0924,-0.349568,0.349568,0,0,0,0,0,0,SELL
CASH,EUR.USD,EUR.USD,,2025-04-04;15:25:49,-187.23,1.09421,-204.8689383,204.8689383,0,0,0,0,0,0,SELL
CASH,EUR.USD,EUR.USD,,2025-04-04;15:25:50,-0.01,1.09421,-0.0109421,0.0109421,0,0,0,0,0,0,SELL
CASH,EUR.USD,EUR.USD,,2025-04-04;17:00:00,-0.00231148,1.09591556,-0.002533184,0.002533184,0,0,0,0,0,0,SELL
CASH,EUR.USD,EUR.USD,,2025-04-04;17:00:00,-0.00622571,1.09597111,-0.0068232,0.0068232,0,0,0,0,0,0,SELL
STK,AMD,ADVANCED MICRO DEVICES,NASDAQ,2025-04-09;16:20:33,2,96.6,193.2,-193.2,0,-0.35074925,-193.55074925,96.84,193.55074925,0,BUY
CASH,EUR.USD,EUR.USD,,2025-04-09;16:20:33,-0.32,1.0941,-0.350112,0.350112,0,0,0,0,0,0,SELL
CASH,EUR.USD,EUR.USD,,2025-04-09;16:20:34,-176.56,1.09416,-193.1848896,193.1848896,0,0,0,0,0,0,SELL
CASH,EUR.USD,EUR.USD,,2025-04-09;16:20:34,-0.01,1.09416,-0.0109416,0.0109416,0,0,0,0,0,0,SELL
CASH,EUR.USD,EUR.USD,,2025-04-09;17:00:00,-0.00380846,1.09461464,-0.0041688,0.0041688,0,0,0,0,0,0,SELL
CASH,EUR.USD,EUR.USD,,2025-04-09;17:00:00,-0.0005822,1.09455776,-0.00063725,0.00063725,0,0,0,0,0,0,SELL
STK,VUAA,VANG S&P500 USDA,LSEETF,2025-04-10;08:19:27,3,102.24,306.72,-306.72,0,-1.7006,-308.4206,100.22,308.4206,0,BUY
CASH,EUR.USD,EUR.USD,,2025-04-10;08:19:28,-0.01,1.10941,-0.0110941,0.0110941,0,0,0,0,0,0,SELL
CASH,EUR.USD,EUR.USD,,2025-04-10;08:19:28,-276.45,1.10941,-306.6963945,306.6963945,0,0,0,0,0,0,SELL
CASH,EUR.USD,EUR.USD,,2025-04-10;08:19:28,-1.54,1.10918,-1.7081372,1.7081372,0,0,0,0,0,0,SELL
CASH,EUR.USD,EUR.USD,,2025-04-10;17:00:00,-0.00444258,1.119664,-0.0049742,0.0049742,0,0,0,0,0,0,SELL
STK,NVDA,NVIDIA CORP,NASDAQ,2025-04-22;10:56:16,3,98.615,295.845,-295.845,0,-0.35099525,-296.19599525,98.89,296.19599525,0,BUY
CASH,EUR.USD,EUR.USD,,2025-04-22;10:56:17,-0.31,1.14728,-0.3556568,0.3556568,0,0,0,0,0,0,SELL
CASH,EUR.USD,EUR.USD,,2025-04-22;10:56:17,-257.83,1.14734,-295.8186722,295.8186722,0,0,0,0,0,0,SELL
CASH,EUR.USD,EUR.USD,,2025-04-22;10:56:17,-0.02,1.14734,-0.0229468,0.0229468,0,0,0,0,0,0,SELL
STK,VUAA,VANG S&P500 USDA,LSEETF,2025-04-22;11:15:06,2,100.62,201.24,-201.24,0,-1.7004,-202.9404,100.48,202.9404,0,BUY
CASH,EUR.USD,EUR.USD,,2025-04-22;11:15:06,-1.48,1.14753,-1.6983444,1.6983444,0,0,0,0,0,0,SELL
CASH,EUR.USD,EUR.USD,,2025-04-22;11:15:06,-175.34,1.14765,-201.228951,201.228951,0,0,0,0,0,0,SELL
CASH,EUR.USD,EUR.USD,,2025-04-22;11:15:07,-0.01,1.14765,-0.0114765,0.0114765,0,0,0,0,0,0,SELL
CASH,EUR.USD,EUR.USD,,2025-04-22;17:00:00,-0.00067886,1.14169702,-0.00077505,0.00077505,0,0,0,0,0,0,SELL
STK,AMD,ADVANCED MICRO DEVICES,NASDAQ,2025-04-23;04:00:00,2,88.94,177.88,-177.88,0,-0.34672725,-178.22672725,90.39,178.22672725,0,BUY
CASH,EUR.USD,EUR.USD,,2025-04-23;04:00:00,-0.3,1.13798,-0.341394,0.341394,0,0,0,0,0,0,SELL
CASH,EUR.USD,EUR.USD,,2025-04-23;04:00:01,-0.05,1.13794,-0.056897,0.056897,0,0,0,0,0,0,SELL
CASH,EUR.USD,EUR.USD,,2025-04-23;04:00:01,-156.27,1.13794,-177.8258838,177.8258838,0,0,0,0,0,0,SELL
CASH,EUR.USD,EUR.USD,,2025-04-23;17:00:00,-0.00471537,1.13103537,-0.00533325,0.00533325,0,0,0,0,0,0,SELL
CASH,EUR.USD,EUR.USD,,2025-05-05;17:00:00,-0.00326403,1.13102547,-0.0036917,0.0036917,0,0,0,0,0,0,SELL
STK,AAPL,APPLE INC,NASDAQ,2025-05-16;09:32:18,0.0006,212.12,0.127272,-0.127272,0,-0.000127513,-0.127399513,211.26,0.127399513,0,BUY
STK,GOOGL,ALPHABET INC-CL A,NASDAQ,2025-06-17;09:30:00,0.002,175.64,0.35128,-0.35128,0,-0.00035203,-0.35163203,175.95,0.35163203,0,BUY
STK,META,META PLATFORMS INC-CLASS A,NASDAQ,2025-06-27;09:31:09,0.0001,730.8,0.07308,-0.07308,0,-0.000073158,-0.073153158,733.63,0.073153158,0,BUY
STK,AVUV,AVANTIS US SMALL CAP VALUE,ARCA,2025-06-27;09:34:01,0.0081,91.11,0.737991,-0.737991,0,-0.000740526,-0.738731526,91.21,0.738731526,0,BUY
STK,NVDA,NVIDIA CORP,NASDAQ,2025-07-07;09:33:23,0.0002,158.74,0.031748,-0.031748,0,-0.000031817,-0.031779817,158.24,0.031779817,0,BUY
STK,AVUV,AVANTIS US SMALL CAP VALUE,ARCA,2025-08-15;09:30:00,-0.0146,96.35,-1.40671,1.40671,0,-0.014083177,1.392626823,95.23,-1.405788,-0.013162,SELL
STK,AVUV,AVANTIS US SMALL CAP VALUE,ARCA,2025-08-15;09:30:00,-2,96.44,-192.88,192.88,0,-0.338155811,192.541844189,95.23,-192.484281,0.057563,SELL
CASH,EUR.USD,EUR.USD,,2025-08-15;09:30:00,-0.12,1.16844,-0.1402128,0.1402128,0,0,0,0,0,0,SELL
STK,AAPL,APPLE INC,NASDAQ,2025-08-15;09:34:44,0.0005,233.54,0.11677,-0.11677,0,-0.000116969,-0.116886969,231.59,0.116886969,0,BUY
CASH,EUR.USD,EUR.USD,,2025-08-15;17:00:00,-0.00413733,1.16964314,-0.004839201,0.004839201,0,0,0,0,0,0,SELL
STK,GOOGL,ALPHABET INC-CL A,NASDAQ,2025-09-16;09:30:01,0.0014,252,0.3528,-0.3528,0,-0.00035337,-0.35315337,251.16,0.35315337,0,BUY
STK,COIN,COINBASE GLOBAL INC -CLASS A,NASDAQ,2025-09-17;07:17:10,1,325.45,325.45,-325.45,0,-0.35047925,-325.80047925,320.56,325.80047925,0,BUY
CASH,EUR.USD,EUR.USD,,2025-09-17;07:17:10,-111.19,1.18331,-131.5722389,131.5722389,0,0,0,0,0,0,SELL
STK,NVDA,NVIDIA CORP,NASDAQ,2025-09-17;09:30:00,2,172.55,345.1,-345.1,0,-0.35370125,-345.45370125,170.29,345.45370125,0,BUY
STK,AMD,ADVANCED MICRO DEVICES,NASDAQ,2025-09-17;09:30:01,2,159.48,318.96,-318.96,0,-0.35370125,-319.31370125,159.16,319.31370125,0,BUY
CASH,EUR.USD,EUR.USD,,2025-09-17;09:30:02,-291.67,1.18299,-345.0426933,345.0426933,0,0,0,0,0,0,SELL
CASH,EUR.USD,EUR.USD,,2025-09-17;09:30:05,-269.95,1.18297,-319.3427515,319.3427515,0,0,0,0,0,0,SELL
CASH,EUR.USD,EUR.USD,,2025-09-17;09:30:06,-0.33,1.18295,-0.3903735,0.3903735,0,0,0,0,0,0,SELL
CASH,EUR.USD,EUR.USD,,2025-09-17;17:00:00,-0.00257262,1.18086553,-0.003037919,0.003037919,0,0,0,0,0,0,SELL
STK,INTC,INTEL CORP,NASDAQ,2025-09-24;09:30:00,-6,29.32,-175.92,175.92,0,-0.3515779,175.5684221,31.22,-164.037643,11.530779,SELL
STK,INTC,INTEL CORP,NASDAQ,2025-09-24;09:30:02,-0.016,29.27,-0.46832,0.46832,0,-0.010013558,0.458306442,31.22,-0.383392,0.074914,SELL
CASH,EUR.USD,EUR.USD,,2025-09-24;09:30:03,-0.31,1.17211,-0.3633541,0.3633541,0,0,0,0,0,0,SELL
STK,ETHEEUR,COINSHARES PHYSICAL STK ETHR,EBS,2025-09-26;08:37:35,3,101.66,304.98,-304.98,0,-1.28341912,-306.26341912,101.74,306.26341912,0,BUY
STK,ETHEEUR,COINSHARES PHYSICAL STK ETHR,EBS,2025-09-29;06:56:34,55,105.66,5811.3,-5811.3,0,-2.90565,-5814.20565,107,5814.20565,0,BUY
STK,META,META PLATFORMS INC-CLASS A,NASDAQ,2025-09-30;09:30:01,0.0001,741.5,0.07415,-0.07415,0,-0.000074227,-0.074224227,734.38,0.074224227,0,BUY
STK,NVDA,NVIDIA CORP,NASDAQ,2025-10-03;09:30:00,0.0002,189.2,0.03784,-0.03784,0,-0.000037912,-0.037877912,187.62,0.037877912,0,BUY
STK,CIFR,CIPHER MINING INC,NASDAQ,2025-10-15;14:40:57,50,20.97,1048.5,-1048.5,0,-0.36135725,-1048.86135725,21.03,1048.86135725,0,BUY
CASH,EUR.USD,EUR.USD,,2025-10-15;14:40:57,-750.15,1.16288,-872.334432,872.334432,0,0,0,0,0,0,SELL
CASH,EUR.USD,EUR.USD,,2025-10-15;14:40:58,-0.09,1.16288,-0.1046592,0.1046592,0,0,0,0,0,0,SELL
STK,AREC,AMERICAN RESOURCES CORP,NASDAQ,2025-10-15;14:52:05,100,4.805,480.5,-480.5,0,-0.37245725,-480.87245725,5.01,480.87245725,0,BUY
CASH,EUR.USD,EUR.USD,,2025-10-15;14:52:06,-0.06,1.16273,-0.0697638,0.0697638,0,0,0,0,0,0,SELL
CASH,EUR.USD,EUR.USD,,2025-10-15;14:52:06,-413.52,1.16273,-480.8121096,480.8121096,0,0,0,0,0,0,SELL
STK,ETHEEUR,COINSHARES PHYSICAL STK ETHR,EBS,2025-10-17;08:26:43,4,97.5,390,-390,0,-1.28716,-391.28716,96.595,391.28716,0,BUY
STK,META,META PLATFORMS INC-CLASS A,NASDAQ,2025-10-29;16:31:06,1,687,687,-687,0,-0.35347925,-687.35347925,751.67,687.35347925,0,BUY
CASH,EUR.USD,EUR.USD,,2025-10-29;16:31:06,-0.31,1.15926,-0.3593706,0.3593706,0,0,0,0,0,0,SELL
CASH,EUR.USD,EUR.USD,,2025-10-29;16:31:07,-592.51,1.15933,-686.9146183,686.9146183,0,0,0,0,0,0,SELL
CASH,EUR.USD,EUR.USD,,2025-10-29;16:31:07,-0.08,1.15933,-0.0927464,0.0927464,0,0,0,0,0,0,SELL
STK,ADBE,ADOBE INC,NASDAQ,2025-10-31;09:30:00,6,338.66,2031.96,-2031.96,0,-0.37018925,-2032.33018925,340.31,2032.33018925,0,BUY
CASH,EUR.USD,EUR.USD,,2025-10-31;09:30:00,-0.31,1.15427,-0.3578237,0.3578237,0,0,0,0,0,0,SELL
CASH,EUR.USD,EUR.USD,,2025-10-31;09:30:01,-1760.01,1.15452,-2031.9667452,2031.9667452,0,0,0,0,0,0,SELL
STK,EMIM,ISHARES CORE EM IMI ACC,AEB,2025-10-31;12:10:52,12,38.819,465.83,-465.83,0,-1.25,-467.08,38.84,467.08,0,BUY
STK,CIFR,CIPHER MINING INC,NASDAQ,2025-11-03;09:33:18,-50,22.45,-1122.5,1122.5,0,-0.36965725,1122.13034275,22.76,-1048.861357,73.268986,SELL
CASH,EUR.USD,EUR.USD,,2025-11-03;09:33:18,-0.31,1.15014,-0.3565434,0.3565434,0,0,0,0,0,0,SELL
STK,META,META PLATFORMS INC-CLASS A,NASDAQ,2025-11-03;09:59:36,1,656.04,656.04,-656.04,0,-0.35047925,-656.39047925,637.71,656.39047925,0,BUY
STK,META,META PLATFORMS INC-CLASS A,NASDAQ,2025-11-03;09:59:36,0.7852,656.08,515.154016,-515.154016,0,-0.000174314,-515.154190314,637.71,515.154190314,0,BUY
CASH,EUR.USD,EUR.USD,,2025-11-03;09:59:36,-0.31,1.15064,-0.3566984,0.3566984,0,0,0,0,0,0,SELL
CASH,EUR.USD,EUR.USD,,2025-11-03;09:59:36,-42.31,1.15069,-48.6856939,48.6856939,0,0,0,0,0,0,SELL
STK,VWCG,VANG FTSE EUR EURA,IBIS2,2025-11-03;10:28:00,10,51.95,519.5,-519.5,0,-1.25,-520.75,51.93,520.75,0,BUY
STK,ETHEEUR,COINSHARES PHYSICAL STK ETHR,EBS,2025-11-03;10:35:21,6,94.635,567.81,-567.81,0,-1.25,-569.06,94.065,569.06,0,BUY
CASH,EUR.USD,EUR.USD,,2025-11-03;17:00:00,-0.0022793,1.1515854,-0.002624812,0.002624812,0,0,0,0,0,0,SELL
STK,META,META PLATFORMS INC-CLASS A,NASDAQ,2025-11-12;08:48:09,1,629.78,629.78,-629.78,0,-0.35047925,-630.13047925,609.01,630.13047925,0,BUY
CASH,EUR.USD,EUR.USD,,2025-11-12;08:48:09,-544.14,1.15653,-629.3142342,629.3142342,0,0,0,0,0,0,SELL
CASH,EUR.USD,EUR.USD,,2025-11-12;08:48:10,-0.05,1.15653,-0.0578265,0.0578265,0,0,0,0,0,0,SELL
STK,ETHEEUR,COINSHARES PHYSICAL STK ETHR,EBS,2025-11-12;14:07:11,4,88.41,353.64,-353.64,0,-1.25,-354.89,88.535,354.89,0,BUY
STK,AAPL,APPLE INC,NASDAQ,2025-11-14;09:30:01,0.0004,271.06,0.108424,-0.108424,0,-0.000108592,-0.108532592,272.41,0.108532592,0,BUY
STK,AAPL,APPLE INC,NASDAQ,2025-11-14;09:30:02,-0.5918,271.09,-160.431062,160.431062,0,-0.350486868,160.080575132,272.41,-101.04955,59.031026,SELL
CASH,EUR.USD,EUR.USD,,2025-11-14;09:30:05,-0.19,1.16113,-0.2206147,0.2206147,0,0,0,0,0,0,SELL
STK,AAPL,APPLE INC,NASDAQ,2025-11-14;09:35:47,-0.0004,270.33,-0.108132,0.108132,0,-0.010007505,0.098124495,272.41,-0.108533,-0.010408,SELL
CASH,EUR.USD,EUR.USD,,2025-11-14;17:00:00,-0.00723791,1.16149704,-0.008406815,0.008406815,0,0,0,0,0,0,SELL
STK,RKLB,ROCKET LAB CORP,NASDAQ,2025-11-17;15:18:04,-25,42.59,-1064.75,1064.75,0,-0.32745725,1064.42254275,43.31,-557.778314,506.64423,SELL
STK,RKLB,ROCKET LAB CORP,NASDAQ,2025-11-17;15:19:11,30,42.6,1278,-1278,0,-0.31791725,-1278.31791725,43.31,1278.31791725,0,BUY
CASH,EUR.USD,EUR.USD,,2025-11-17;15:19:11,-46.15,1.15829,-53.4550835,53.4550835,0,0,0,0,0,0,SELL
CASH,EUR.USD,EUR.USD,,2025-11-17;15:19:11,-0.01,1.15834,-0.0115834,0.0115834,0,0,0,0,0,0,SELL
STK,META,META PLATFORMS INC-CLASS A,NASDAQ,2025-11-18;09:34:51,1,594,594,-594,0,-0.34917925,-594.34917925,597.69,594.34917925,0,BUY
CASH,EUR.USD,EUR.USD,,2025-11-18;09:34:51,-512.36,1.15919,-593.9225884,593.9225884,0,0,0,0,0,0,SELL
CASH,EUR.USD,EUR.USD,,2025-11-18;09:34:51,-0.3,1.15912,-0.347736,0.347736,0,0,0,0,0,0,SELL
CASH,EUR.USD,EUR.USD,,2025-11-18;09:34:52,-0.08,1.15919,-0.0927352,0.0927352,0,0,0,0,0,0,SELL
STK,ETHEEUR,COINSHARES PHYSICAL STK ETHR,EBS,2025-11-19;03:04:22,5,80.11,400.55,-400.55,0,-1.25,-401.8,76.685,401.8,0,BUY
STK,CMCSA,COMCAST CORP-CLASS A,NASDAQ,2025-12-10;12:34:04,10,27.078,270.78,-270.78,0,-0.35225725,-271.13225725,27.58,271.13225725,0,BUY
STK,CMCSA,COMCAST CORP-CLASS A,NASDAQ,2025-12-10;12:34:04,10,27.0774,270.774,-270.774,0,-0.002,-270.776,27.58,270.776,0,BUY
CASH,EUR.USD,EUR.USD,,2025-12-10;12:34:04,-0.06,1.16488,-0.0698928,0.0698928,0,0,0,0,0,0,SELL
CASH,EUR.USD,EUR.USD,,2025-12-10;12:34:04,-462.64,1.16488,-538.9200832,538.9200832,0,0,0,0,0,0,SELL
CASH,EUR.USD,EUR.USD,,2025-12-10;17:00:00,-0.00200011,1.16918552,-0.0023385,0.0023385,0,0,0,0,0,0,SELL
STK,CMCSA,COMCAST CORP-CLASS A,NASDAQ,2025-12-11;12:49:36,7,27.4,191.8,-191.8,0,-0.34255725,-192.14255725,27.6,192.14255725,0,BUY
CASH,EUR.USD,EUR.USD,,2025-12-11;12:49:36,-0.29,1.17504,-0.3407616,0.3407616,0,0,0,0,0,0,SELL
CASH,EUR.USD,EUR.USD,,2025-12-11;12:49:37,-163.18,1.1751,-191.752818,191.752818,0,0,0,0,0,0,SELL
CASH,EUR.USD,EUR.USD,,2025-12-11;12:49:37,-0.04,1.1751,-0.047004,0.047004,0,0,0,0,0,0,SELL
CASH,EUR.USD,EUR.USD,,2025-12-11;17:00:00,-0.00015172,1.17325586,-0.000178001,0.000178001,0,0,0,0,0,0,SELL
CASH,EUR.USD,EUR.USD,,2025-12-11;17:00:00,-0.00153057,1.17319185,-0.00179565,0.00179565,0,0,0,0,0,0,SELL
TK,VSNT,VERSANT MEDIA GROUP INC-WI,NASDAQ,2026-01-05;09:35:57,-0.08,41.72,-3.3376,3.3376,0,-0.033432131,3.304167869,40.57,-2.955342,0.348826,SELL
STK,RKLB,ROCKET LAB CORP,NASDAQ,2026-01-07;04:00:00,-17,84,-1428,1428,0,-0.35697225,1427.64302775,84.08,-724.380153,703.262875,SELL
STK,RKLB,ROCKET LAB CORP,NASDAQ,2026-01-07;04:00:00,-13,84.2,-1094.6,1094.6,0,-0.005135,1094.594865,84.08,-553.937764,540.657101,SELL
STK,VSNT,VERSANT MEDIA GROUP INC,NASDAQ,2026-01-07;09:30:00,-1,35.5,-35.5,35.5,0,-0.35215225,35.14784775,33.27,-37.050427,-1.90258,SELL
STK,NVDA,NVIDIA CORP,NASDAQ,2026-01-13;08:32:40,100,185.95,18595,-18595,0,-0.24025725,-18595.24025725,185.81,18595.24025725,0,BUY
STK,NVDA,NVIDIA CORP,NASDAQ,2026-01-15;10:06:55,-100,188.45,-18845,18845,0,-0.25975725,18844.74024275,187.05,-18182.801251,661.938991,SELL
STK,JPM,JPMORGAN CHASE & CO,NYSE,2026-01-15;10:14:04,50,312.4,15620,-15620,0,-0.36025725,-15620.36025725,309.26,15620.36025725,0,BUY
STK,JPM,JPMORGAN CHASE & CO,NYSE,2026-01-15;10:41:38,-50,312.02,-15601,15601,0,-0.21000725,15600.78999275,309.26,-15620.360257,-19.570265,SELL
STK,JPM,JPMORGAN CHASE & CO,NYSE,2026-01-15;11:15:31,-16,310.9,-4974.4,4974.4,0,-0.40457725,4973.99542275,309.26,-4973.99542275,0,SELL
STK,JPM,JPMORGAN CHASE & CO,NYSE,2026-01-15;11:15:31,-34,310.9,-10570.6,10570.6,0,-0.11543,10570.48457,309.26,-10570.48457,0,SELL
STK,JPM,JPMORGAN CHASE & CO,NYSE,2026-01-15;11:53:35,2,310.88,621.76,-621.76,0,-0.35065725,-622.11065725,309.26,621.749428,-0.361229,BUY
STK,JPM,JPMORGAN CHASE & CO,NYSE,2026-01-15;11:53:35,48,310.8782,14922.1536,-14922.1536,0,-0.0096,-14922.1632,309.26,14922.730565,0.567365,BUY
STK,NVDA,NVIDIA CORP,NASDAQ,2026-01-21;10:01:12,85,180.48,15340.8,-15340.8,0,-0.62225725,-15341.42225725,183.32,15341.42225725,0,BUY
STK,NVDA,NVIDIA CORP,NASDAQ,2026-01-21;10:01:15,15,180.48,2707.2,-2707.2,0,0.0165,-2707.1835,183.32,2707.1835,0,BUY
STK,NVDA,NVIDIA CORP,NASDAQ,2026-01-21;10:31:07,-100,180.98,-18098,18098,0,-0.25975725,18097.74024275,183.32,-18086.924654,10.815589,SELL
STK,NVDA,NVIDIA CORP,NASDAQ,2026-01-21;11:11:28,100,183.485,18348.5,-18348.5,0,-0.37025725,-18348.87025725,183.32,18348.87025725,0,BUY
STK,NVDA,NVIDIA CORP,NASDAQ,2026-01-22;10:59:06,-100,185.2,-18520,18520,0,-0.25975725,18519.74024275,184.84,-18327.799231,191.941012,SELL
STK,MSFT,MICROSOFT CORP,NASDAQ,2026-01-22;11:03:27,10,446.7,4467,-4467,0,-0.33925725,-4467.33925725,451.14,4467.33925725,0,BUY
STK,MSFT,MICROSOFT CORP,NASDAQ,2026-01-23;10:20:40,-10,462.5,-4625,4625,0,-0.34120725,4624.65879275,465.95,-4467.339257,157.319536,SELL
STK,JPM,JPMORGAN CHASE & CO,NYSE,2026-01-26;09:31:47,50,299,14950,-14950,0,-0.20025725,-14950.20025725,301.04,14950.20025725,0,BUY
STK,JPM,JPMORGAN CHASE & CO,NYSE,2026-01-26;09:43:50,-50,300.2,-15010,15010,0,-0.21000725,15009.78999275,301.04,-14950.200257,59.589735,SELL
STK,EMIM,ISHARES CORE EM IMI ACC,AEB,2026-01-26;09:52:26,12,40.8239,489.89,-489.89,0,-1.25,-491.14,40.901,491.14,0,BUY
STK,MSFT,MICROSOFT CORP,NASDAQ,2026-01-26;10:49:08,10,469.6,4696,-4696,0,-0.33925725,-4696.33925725,470.28,4696.33925725,0,BUY
STK,AAPL,APPLE INC,NASDAQ,2026-01-26;11:03:17,30,254.86,7645.8,-7645.8,0,-0.31725725,-7646.11725725,255.41,7646.11725725,0,BUY
STK,AAPL,APPLE INC,NASDAQ,2026-01-26;11:47:35,40,255.0188,10200.752,-10200.752,0,-0.35825725,-10201.11025725,255.41,10201.11025725,0,BUY
STK,MSFT,MICROSOFT CORP,NASDAQ,2026-01-28;09:37:30,-10,480,-4800,4800,0,-0.33820725,4799.66179275,481.63,-4696.339257,103.322536,SELL
STK,AAPL,APPLE INC,NASDAQ,2026-01-28;09:42:54,-70,256.5,-17955,17955,0,-0.28690725,17954.71309275,256.44,-17847.227514,107.485579,SELL
STK,CMCSA,COMCAST CORP-CLASS A,NASDAQ,2026-01-28;13:06:07,-27,28.785,-777.195,777.195,0,-0.36092225,776.83407775,28.41,-694.045045,82.789033,SELL
STK,COIN,COINBASE GLOBAL INC -CLASS A,NASDAQ,2026-01-29;12:11:31,35,197.03,6896.05,-6896.05,0,-0.31175725,-6896.36175725,199.18,6896.36175725,0,BUY
STK,COIN,COINBASE GLOBAL INC -CLASS A,NASDAQ,2026-01-29;12:11:31,15,197.03,2955.45,-2955.45,0,0.0165,-2955.4335,199.18,2955.4335,0,BUY
STK,ETHEEUR,COINSHARES ETHEREUM STAK ETP,EBS,2026-01-29;13:37:01,5,70.61,353.05,-353.05,0,-1.25,-354.3,71.09,354.3,0,BUY
STK,COIN,COINBASE GLOBAL INC -CLASS A,NASDAQ,2026-02-02;09:26:48,10,188.97,1889.7,-1889.7,0,-0.35225725,-1890.05225725,187.86,1890.05225725,0,BUY
STK,PLTR,PALANTIR TECHNOLOGIES INC-A,NASDAQ,2026-02-02;09:56:03,50,150.5,7525,-7525,0,-0.29525725,-7525.29525725,147.76,7525.29525725,0,BUY
STK,PLTR,PALANTIR TECHNOLOGIES INC-A,NASDAQ,2026-02-02;10:07:22,-50,150.51,-7525.5,7525.5,0,-0.30500725,7525.19499275,147.76,-7525.295257,-0.100264,SELL
STK,RKLB,ROCKET LAB CORP,NASDAQ,2026-02-03;09:33:16,100,77.485,7748.5,-7748.5,0,-0.37025725,-7748.87025725,81.27,7748.87025725,0,BUY
STK,IREN,IREN LTD,NASDAQ,2026-02-03;09:41:08,100,53.8,5380,-5380,0,-0.24025725,-5380.24025725,54.39,5380.24025725,0,BUY
STK,IREN,IREN LTD,NASDAQ,2026-02-03;09:48:40,-100,55.2,-5520,5520,0,-0.25975725,5519.74024275,54.39,-5380.240257,139.499986,SELL
STK,RKLB,ROCKET LAB CORP,NASDAQ,2026-02-03;10:42:44,-100,79,-7900,7900,0,-0.25975725,7899.74024275,81.27,-7748.870257,150.869986,SELL
STK,COIN,COINBASE GLOBAL INC -CLASS A,NASDAQ,2026-02-03;12:05:11,10,180.62,1806.2,-1806.2,0,-0.35225725,-1806.55225725,179.66,1806.55225725,0,BUY
STK,RKLB,ROCKET LAB CORP,NASDAQ,2026-02-04;10:44:07,-50,74.5,-3725,3725,0,-0.30500725,3724.69499275,73.11,-3724.69499275,0,SELL
STK,RKLB,ROCKET LAB CORP,NASDAQ,2026-02-04;10:46:04,50,74,3700,-3700,0,-0.29525725,-3700.29525725,73.11,3724.694993,24.399736,BUY
STK,CMCSA,COMCAST CORP-CLASS A,NASDAQ,2026-02-05;09:33:02,0.2463,30.73,7.568799,-7.568799,0,-0.007623622,-7.576422622,30.85,7.576422622,0,BUY
STK,CMCSA,COMCAST CORP-CLASS A,NASDAQ,2026-02-05;11:19:25,-0.2463,30.56,-7.526928,7.526928,0,-0.075421891,7.451506109,30.85,-7.576423,-0.124917,SELL
STK,ETHEEUR,COINSHARES ETHEREUM STAK ETP,EBS,2026-02-06;09:42:30,8,50.33,402.64,-402.64,0,-1.28771616,-403.92771616,51.89,403.92771616,0,BUY
STK,NVDA,NVIDIA CORP,NASDAQ,2026-02-06;10:36:21,50,182.4,9120,-9120,0,-0.29525725,-9120.29525725,185.41,9120.29525725,0,BUY
STK,NVDA,NVIDIA CORP,NASDAQ,2026-02-06;11:03:27,-57,183.2,-10442.4,10442.4,0,-0.29867225,10442.10132775,185.41,-10404.717042,37.384286,SELL
STK,NVDA,NVIDIA CORP,NASDAQ,2026-02-06;11:03:32,-0.0008,183.29,-0.146632,0.146632,0,-0.000000316,0.146631684,185.41,-0.145925,0.000707,SELL
STK,COIN,COINBASE GLOBAL INC -CLASS A,NASDAQ,2026-02-06;11:22:22,3,160.16,480.48,-480.48,0,-0.35085725,-480.83085725,165.12,480.83085725,0,BUY
STK,COIN,COINBASE GLOBAL INC -CLASS A,NASDAQ,2026-02-06;11:22:22,2,160.157,320.314,-320.314,0,-0.0004,-320.3144,165.12,320.3144,0,BUY
STK,NVDA,NVIDIA CORP,NASDAQ,2026-02-09;09:43:06,10,190.1,1901,-1901,0,-0.33925725,-1901.33925725,190.04,1901.33925725,0,BUY
STK,NVDA,NVIDIA CORP,NASDAQ,2026-02-09;09:43:06,40,190.1,7604,-7604,0,0.044,-7603.956,190.04,7603.956,0,BUY
STK,RKLB,ROCKET LAB CORP,NASDAQ,2026-02-09;09:46:42,100,75.6,7560,-7560,0,-0.24025725,-7560.24025725,75.84,7560.24025725,0,BUY
STK,RKLB,ROCKET LAB CORP,NASDAQ,2026-02-09;11:16:25,-100,76.4,-7640,7640,0,-0.25975725,7639.74024275,75.84,-7560.240257,79.499986,SELL
STK,NVDA,NVIDIA CORP,NASDAQ,2026-02-09;12:07:34,-50,191.8,-9590,9590,0,-0.30500725,9589.69499275,190.04,-9505.295257,84.399735,SELL
STK,NVDA,NVIDIA CORP,NASDAQ,2026-02-10;09:33:01,100,191.3,19130,-19130,0,-0.24025725,-19130.24025725,188.54,19130.24025725,0,BUY
STK,NVDA,NVIDIA CORP,NASDAQ,2026-02-10;09:38:37,-100,190.3,-19030,19030,0,-0.25975725,19029.74024275,188.54,-19130.240257,-100.500015,SELL
STK,RKLB,ROCKET LAB CORP,NASDAQ,2026-02-10;09:42:33,-45,73.2,-3294,3294,0,-0.30953225,3293.69046775,72.03,-3293.69046775,0,SELL
STK,RKLB,ROCKET LAB CORP,NASDAQ,2026-02-10;09:42:33,-55,73.2,-4026,4026,0,0.049775,4026.049775,72.03,-4026.049775,0,SELL
STK,RKLB,ROCKET LAB CORP,NASDAQ,2026-02-10;10:37:00,-50,74.9,-3745,3745,0,-0.30500725,3744.69499275,72.03,-3744.69499275,0,SELL
STK,RKLB,ROCKET LAB CORP,NASDAQ,2026-02-10;13:11:09,150,74.1,11115,-11115,0,-0.360385875,-11115.360385875,72.03,11064.435236,-50.92515,BUY
STK,RKLB,ROCKET LAB CORP,NASDAQ,2026-02-11;09:23:56,100,73.79,7379,-7379,0,-0.37025725,-7379.37025725,69.62,7379.37025725,0,BUY
STK,PLTR,PALANTIR TECHNOLOGIES INC-A,NASDAQ,2026-02-11;09:31:57,-25,137.485,-3437.125,3437.125,0,-0.36013225,3436.76486775,135.68,-3436.76486775,0,SELL
STK,PLTR,PALANTIR TECHNOLOGIES INC-A,NASDAQ,2026-02-11;09:31:57,-25,137.485,-3437.125,3437.125,0,-0.009875,3437.115125,135.68,-3437.115125,0,SELL
STK,RKLB,ROCKET LAB CORP,NASDAQ,2026-02-11;09:33:22,50,72.2,3610,-3610,0,-0.29525725,-3610.29525725,69.62,3610.29525725,0,BUY
STK,PLTR,PALANTIR TECHNOLOGIES INC-A,NASDAQ,2026-02-11;09:33:37,50,137.2,6860,-6860,0,-0.29525725,-6860.29525725,135.68,6873.879993,13.584735,BUY
STK,RKLB,ROCKET LAB CORP,NASDAQ,2026-02-11;09:39:03,20,70.1,1402,-1402,0,-0.32825725,-1402.32825725,69.62,1402.32825725,0,BUY
STK,RKLB,ROCKET LAB CORP,NASDAQ,2026-02-12;13:00:13,5,65.1,325.5,-325.5,0,-0.34475725,-325.84475725,66.01,325.84475725,0,BUY
STK,VUAA,VANG S&P500 USDA,LSEETF,2026-02-13;10:04:24,10,131.335,1313.35,-1313.35,0,-1.7,-1315.05,131.88,1315.05,0,BUY
STK,RKLB,ROCKET LAB CORP,NASDAQ,2026-02-13;13:29:36,5,67.2,336,-336,0,-0.34475725,-336.34475725,67.44,336.34475725,0,BUY
STK,RKLB,ROCKET LAB CORP,NASDAQ,2026-02-27;09:31:20,10,65.5,655,-655,0,-0.33925725,-655.33925725,69.1,655.33925725,0,BUY
STK,ASTS,AST SPACEMOBILE INC,NASDAQ,2026-03-02;09:49:57,50,82.1,4105,-4105,0,-0.29525725,-4105.29525725,86.92,4105.29525725,0,BUY
STK,ASTS,AST SPACEMOBILE INC,NASDAQ,2026-03-02;10:07:08,-50,82.75,-4137.5,4137.5,0,-0.30500725,4137.19499275,86.92,-4105.295257,31.899736,SELL
STK,IREN,IREN LTD,NASDAQ,2026-03-02;10:29:18,100,40.8,4080,-4080,0,-0.24025725,-4080.24025725,41.39,4080.24025725,0,BUY
STK,IREN,IREN LTD,NASDAQ,2026-03-02;11:41:22,-100,41.7,-4170,4170,0,-0.25975725,4169.74024275,41.39,-4080.240257,89.499986,SELL
STK,IREN,IREN LTD,NASDAQ,2026-03-03;09:35:10,100,39.4,3940,-3940,0,-0.24025725,-3940.24025725,38.85,3940.24025725,0,BUY
STK,IREN,IREN LTD,NASDAQ,2026-03-03;10:04:08,50,39,1950,-1950,0,-0.29525725,-1950.29525725,38.85,1950.29525725,0,BUY
STK,COIN,COINBASE GLOBAL INC -CLASS A,NASDAQ,2026-03-04;09:16:08,-2,196.4,-392.8,392.8,0,-0.34844725,392.45155275,208.93,-379.748821,12.702732,SELL
STK,COIN,COINBASE GLOBAL INC -CLASS A,NASDAQ,2026-03-04;09:16:08,-5,196.4,-982,982,0,0.004525,982.004525,208.93,-1056.27365,-74.269125,SELL
STK,COIN,COINBASE GLOBAL INC -CLASS A,NASDAQ,2026-03-04;09:16:09,-5,196.4,-982,982,0,0.004525,982.004525,208.93,-985.194537,-3.190012,SELL
STK,COIN,COINBASE GLOBAL INC -CLASS A,NASDAQ,2026-03-04;09:16:09,-21,196.4,-4124.4,4124.4,0,0.019005,4124.419005,208.93,-4137.817054,-13.398049,SELL
STK,COIN,COINBASE GLOBAL INC -CLASS A,NASDAQ,2026-03-04;09:16:09,-8,196.4,-1571.2,1571.2,0,0.00724,1571.20724,208.93,-1576.301251,-5.094011,SELL
STK,COIN,COINBASE GLOBAL INC -CLASS A,NASDAQ,2026-03-04;09:16:09,-1,196.4,-196.4,196.4,0,0.000905,196.400905,208.93,-197.0289,-0.627995,SELL
STK,COIN,COINBASE GLOBAL INC -CLASS A,NASDAQ,2026-03-04;09:16:09,-10,196.4,-1964,1964,0,0.00905,1964.00905,208.93,-1970.289,-6.27995,SELL
STK,COIN,COINBASE GLOBAL INC -CLASS A,NASDAQ,2026-03-04;09:16:09,-1,196.4,-196.4,196.4,0,0.000905,196.400905,208.93,-197.0289,-0.627995,SELL
STK,COIN,COINBASE GLOBAL INC -CLASS A,NASDAQ,2026-03-04;09:16:10,-7,196.4,-1374.8,1374.8,0,0.006335,1374.806335,208.93,-1339.083929,35.722407,SELL
STK,COIN,COINBASE GLOBAL INC -CLASS A,NASDAQ,2026-03-04;09:16:10,-5,196.4,-982,982,0,0.004525,982.004525,208.93,-945.026129,36.978396,SELL
STK,COIN,COINBASE GLOBAL INC -CLASS A,NASDAQ,2026-03-04;09:16:10,-2,196.4,-392.8,392.8,0,0.00181,392.80181,208.93,-361.310451,31.491359,SELL
STK,COIN,COINBASE GLOBAL INC -CLASS A,NASDAQ,2026-03-04;09:16:16,-13,196.4,-2553.2,2553.2,0,0.011765,2553.211765,208.93,-2246.387063,306.824702,SELL
STK,VWCG,VANG FTSE EUR EURA,IBIS2,2026-03-04;09:24:32,15,55.95,839.25,-839.25,0,-1.306927,-840.556927,55.89,840.556927,0,BUY
STK,IREN,IREN LTD,NASDAQ,2026-03-04;09:46:02,-87,41.25,-3588.75,3588.75,0,-0.24542225,3588.50457775,43.84,-3428.009024,160.495554,SELL
STK,IREN,IREN LTD,NASDAQ,2026-03-04;09:46:02,-63,41.25,-2598.75,2598.75,0,-0.099213625,2598.650786375,43.84,-2462.52649,136.124296,SELL
STK,ETHEEUR,COINSHARES ETHEREUM STAK ETP,BVME.ETF,2026-03-04;09:48:11,10,53.91,539.1,-539.1,0,-2.715,-541.815,55.745,541.815,0,BUY
STK,IREN,IREN LTD,NASDAQ,2026-03-06;15:10:55,100,37.8,3780,-3780,0,-0.24025725,-3780.24025725,36.7,3780.24025725,0,BUY
STK,LUNR,INTUITIVE MACHINES INC,NASDAQ,2026-03-06;15:37:10,100,17.4,1740,-1740,0,-0.24025725,-1740.24025725,17.63,1740.24025725,0,BUY
STK,LUNR,INTUITIVE MACHINES INC,NASDAQ,2026-03-09;10:12:10,50,16.8,840,-840,0,-0.29525725,-840.29525725,18.08,840.29525725,0,BUY
STK,IREN,IREN LTD,NASDAQ,2026-03-09;15:25:51,-100,38.6,-3860,3860,0,-0.25975725,3859.74024275,38.84,-3780.240257,79.499986,SELL
STK,LUNR,INTUITIVE MACHINES INC,NASDAQ,2026-03-09;16:24:08,-100,17.97,-1797,1797,0,-0.68975725,1796.31024275,18.08,-1740.240257,56.069986,SELL
STK,LUNR,INTUITIVE MACHINES INC,NASDAQ,2026-03-09;16:24:08,-28,17.98,-503.44,503.44,0,-0.19313203,503.24686797,18.08,-470.565344,32.681524,SELL
STK,LUNR,INTUITIVE MACHINES INC,NASDAQ,2026-03-09;16:24:08,-5,17.97,-89.85,89.85,0,-0.012987863,89.837012137,18.08,-84.029526,5.807486,SELL
STK,LUNR,INTUITIVE MACHINES INC,NASDAQ,2026-03-09;16:24:08,-17,17.97,-305.49,305.49,0,-0.044158732,305.445841268,18.08,-285.700387,19.745454,SELL
STK,IREN,IREN LTD,NASDAQ,2026-03-10;05:20:32,100,39.57,3957,-3957,0,-0.37025725,-3957.37025725,38.12,3957.37025725,0,BUY
STK,LUNR,INTUITIVE MACHINES INC,NASDAQ,2026-03-10;09:40:56,100,17.29,1729,-1729,0,-0.37025725,-1729.37025725,17.68,1729.37025725,0,BUY
STK,IREN,IREN LTD,NASDAQ,2026-03-10;13:39:26,50,38.8,1940,-1940,0,-0.29525725,-1940.29525725,38.12,1940.29525725,0,BUY
STK,IREN,IREN LTD,NASDAQ,2026-03-11;09:56:08,-150,40.65,-6097.5,6097.5,0,-0.389635875,6097.110364125,41.98,-5897.665514,199.44485,SELL
STK,LUNR,INTUITIVE MACHINES INC,NASDAQ,2026-03-11;10:05:37,-100,18.7,-1870,1870,0,-0.25975725,1869.74024275,18.45,-1729.370257,140.369986,SELL
STK,LUNR,INTUITIVE MACHINES INC,NASDAQ,2026-03-13;05:20:59,88,17.75,1562,-1562,0,-0.63185725,-1562.63185725,17.6,1562.63185725,0,BUY
STK,LUNR,INTUITIVE MACHINES INC,NASDAQ,2026-03-13;05:20:59,100,17.75,1775,-1775,0,-0.62822638,-1775.62822638,17.6,1775.62822638,0,BUY
STK,LUNR,INTUITIVE MACHINES INC,NASDAQ,2026-03-13;05:20:59,12,17.75,213,-213,0,-0.08043087,-213.08043087,17.6,213.08043087,0,BUY
STK,VUAA,VANG S&P500 USDA,LSEETF,2026-03-13;05:21:45,15,128.46,1926.9,-1926.9,0,-1.7,-1928.6,128.06,1928.6,0,BUY
STK,LUNR,INTUITIVE MACHINES INC,NASDAQ,2026-03-13;10:31:48,-100,18.35,-1835,1835,0,-0.46975725,1834.53024275,17.6,-1775.707244,58.822998,SELL
STK,LUNR,INTUITIVE MACHINES INC,NASDAQ,2026-03-13;10:31:52,-100,18.35,-1835,1835,0,-0.25975725,1834.74024275,17.6,-1775.63327,59.106972,SELL
STK,LUNR,INTUITIVE MACHINES INC,NASDAQ,2026-03-16;05:07:40,200,17.82,3564,-3564,0,-0.7405145,-3564.7405145,17.69,3564.7405145,0,BUY
STK,LUNR,INTUITIVE MACHINES INC,NASDAQ,2026-03-16;10:29:31,50,17.6,880,-880,0,-0.29525725,-880.29525725,17.69,880.29525725,0,BUY
STK,LUNR,INTUITIVE MACHINES INC,NASDAQ,2026-03-16;10:38:58,50,17.3,865,-865,0,-0.29525725,-865.29525725,17.69,865.29525725,0,BUY
STK,LUNR,INTUITIVE MACHINES INC,NASDAQ,2026-03-16;10:49:00,50,17,850,-850,0,-0.29525725,-850.29525725,17.69,850.29525725,0,BUY
STK,GOOGL,ALPHABET INC-CL A,NASDAQ,2026-03-17;09:34:21,0.0011,307.095,0.3378045,-0.3378045,0,-0.000338273,-0.338142773,310.92,0.338142773,0,BUY
STK,LUNR,INTUITIVE MACHINES INC,NASDAQ,2026-03-17;09:56:54,-350,18.5,-6475,6475,0,-0.804150375,6474.195849625,18.9,-6160.626285,313.569563,SELL
STK,RKLB,ROCKET LAB CORP,NASDAQ,2026-03-17;10:09:18,-190,76.1,-14459,14459,0,-0.493538775,14458.506461225,78.59,-13709.522542,748.983919,SELL
STK,ADBE,ADOBE INC,NASDAQ,2026-03-17;14:10:07,4,254.2,1016.8,-1016.8,0,-0.35105725,-1017.15105725,254.2,1017.15105725,0,BUY
STK,RKLB,ROCKET LAB CORP,NASDAQ,2026-03-19;06:45:45,50,70.4,3520,-3520,0,-0.26025725,-3520.26025725,71.93,3520.26025725,0,BUY
STK,LUNR,INTUITIVE MACHINES INC,NASDAQ,2026-03-19;06:53:59,71,18,1278,-1278,0,-0.27215725,-1278.27215725,18.91,1278.27215725,0,BUY
STK,LUNR,INTUITIVE MACHINES INC,NASDAQ,2026-03-19;07:00:22,29,18,522,-522,0,0.0319,-521.9681,18.91,521.9681,0,BUY
STK,VWCG,VANG FTSE EUR EURA,IBIS2,2026-03-19;07:18:06,25,53.4,1335,-1335,0,-1.32874,-1336.32874,53.24,1336.32874,0,BUY
STK,VUAA,VANG S&P500 USDA,LSEETF,2026-03-19;07:22:27,10,127.2725,1272.73,-1272.73,0,-1.7,-1274.43,126.8,1274.43,0,BUY
STK,LUNR,INTUITIVE MACHINES INC,NASDAQ,2026-03-19;07:32:40,50,17.29,864.5,-864.5,0,-0.29525725,-864.79525725,18.91,864.79525725,0,BUY
STK,LUNR,INTUITIVE MACHINES INC,NASDAQ,2026-03-19;07:34:32,50,17,850,-850,0,-0.29525725,-850.29525725,18.91,850.29525725,0,BUY
STK,RKLB,ROCKET LAB CORP,NASDAQ,2026-03-19;08:53:03,50,69.5,3475,-3475,0,-0.29525725,-3475.29525725,71.93,3475.29525725,0,BUY
STK,LUNR,INTUITIVE MACHINES INC,NASDAQ,2026-03-19;10:19:01,50,16.4,820,-820,0,-0.29525725,-820.29525725,18.91,820.29525725,0,BUY
STK,RKLB,ROCKET LAB CORP,NASDAQ,2026-03-19;12:05:50,-100,71.75,-7175,7175,0,-0.25975725,7174.74024275,71.93,-6995.555514,179.184728,SELL
STK,LUNR,INTUITIVE MACHINES INC,NASDAQ,2026-03-19;14:33:19,-250,18.4,-4600,4600,0,-0.649393125,4599.350606875,18.91,-4335.626028,263.724577,SELL
STK,RKLB,ROCKET LAB CORP,NASDAQ,2026-03-20;10:18:33,50,69.6,3480,-3480,0,-0.29525725,-3480.29525725,67.23,3480.29525725,0,BUY
STK,RKLB,ROCKET LAB CORP,NASDAQ,2026-03-20;10:27:48,50,69,3450,-3450,0,-0.29525725,-3450.29525725,67.23,3450.29525725,0,BUY
STK,VWCG,VANG FTSE EUR EURA,IBIS2,2026-03-20;11:54:33,10,52.5,525,-525,0,-1.25,-526.25,52.27,526.25,0,BUY
STK,HUMA,HUMACYTE INC,NASDAQ,2026-03-20;12:03:29,100,0.8042,80.42,-80.42,0,-0.37025725,-80.79025725,0.7829,80.79025725,0,BUY
STK,VUAA,VANG S&P500 USDA,LSEETF,2026-03-20;12:26:01,10,126.3,1263,-1263,0,-1.78,-1264.78,126.16,1264.78,0,BUY
STK,RKLB,ROCKET LAB CORP,NASDAQ,2026-03-23;04:19:12,50,65.5,3275,-3275,0,-0.26025725,-3275.26025725,68,3275.26025725,0,BUY
STK,RKLB,ROCKET LAB CORP,NASDAQ,2026-03-23;11:56:27,50,66.7,3335,-3335,0,-0.29525725,-3335.29525725,68,3335.29525725,0,BUY
STK,RKLB,ROCKET LAB CORP,NASDAQ,2026-03-24;09:48:17,50,66.3,3315,-3315,0,-0.29525725,-3315.29525725,66.07,3315.29525725,0,BUY
STK,LUNR,INTUITIVE MACHINES INC,NASDAQ,2026-03-24;11:01:06,100,18.6,1860,-1860,0,-0.24025725,-1860.24025725,17.92,1860.24025725,0,BUY
STK,LUNR,INTUITIVE MACHINES INC,NASDAQ,2026-03-24;11:14:56,50,17.4,870,-870,0,-0.29525725,-870.29525725,17.92,870.29525725,0,BUY
STK,LUNR,INTUITIVE MACHINES INC,NASDAQ,2026-03-24;15:05:13,-150,18.95,-2842.5,2842.5,0,-0.389635875,2842.110364125,17.92,-2730.535514,111.57485,SELL
STK,RKLB,ROCKET LAB CORP,NASDAQ,2026-03-25;09:35:14,-250,69.8,-17450,17450,0,-0.649393125,17449.350606875,72.88,-16856.441285,592.90932,SELL
STK,ADBE,ADOBE INC,NASDAQ,2026-03-25;09:37:02,5,241.02,1205.1,-1205.1,0,-0.35125725,-1205.45125725,237.25,1205.45125725,0,BUY
STK,MU,MICRON TECHNOLOGY INC,NASDAQ,2026-03-25;09:40:54,20,384.5,7690,-7690,0,-0.35425725,-7690.35425725,382.09,7690.35425725,0,BUY
STK,IREN,IREN LTD,NASDAQ,2026-03-25;09:51:54,100,41.6,4160,-4160,0,-0.37025725,-4160.37025725,41.43,4160.37025725,0,BUY
STK,IREN,IREN LTD,NASDAQ,2026-03-25;10:14:13,-100,42.4,-4240,4240,0,-0.25975725,4239.74024275,41.43,-4160.370257,79.369986,SELL
STK,GOOGL,ALPHABET INC-CL A,NASDAQ,2026-03-25;13:15:59,7,290.4,2032.8,-2032.8,0,-0.34255725,-2033.14255725,290.93,2033.14255725,0,BUY
STK,GOOGL,ALPHABET INC-CL A,NASDAQ,2026-03-25;13:16:09,0.9944,290.4,288.77376,-288.77376,0,-0.00019888,-288.77395888,290.93,288.77395888,0,BUY
STK,IREN,IREN LTD,NASDAQ,2026-03-25;13:30:06,50,40.83,2041.5,-2041.5,0,-0.29525725,-2041.79525725,41.43,2041.79525725,0,BUY
STK,IREN,IREN LTD,NASDAQ,2026-03-25;13:50:12,50,40.76,2038,-2038,0,-0.29525725,-2038.29525725,41.43,2038.29525725,0,BUY
STK,IREN,IREN LTD,NASDAQ,2026-03-25;15:15:23,-100,41.35,-4135,4135,0,-0.25975725,4134.74024275,41.43,-4080.090514,54.649728,SELL
STK,IREN,IREN LTD,NASDAQ,2026-03-26;09:57:44,100,39.8,3980,-3980,0,-0.24025725,-3980.24025725,37.45,3980.24025725,0,BUY
STK,AREC,AMERICAN RESOURCES CORP,NASDAQ,2026-03-26;10:13:55,100,2.4995,249.95,-249.95,0,-0.37025725,-250.32025725,2.44,250.32025725,0,BUY
STK,IREN,IREN LTD,NASDAQ,2026-03-26;10:55:07,50,38.5,1925,-1925,0,-0.29525725,-1925.29525725,37.45,1925.29525725,0,BUY
STK,MU,MICRON TECHNOLOGY INC,NASDAQ,2026-03-26;11:17:58,20,362.3,7246,-7246,0,-0.32825725,-7246.32825725,355.46,7246.32825725,0,BUY
STK,IREN,IREN LTD,NASDAQ,2026-03-27;09:50:29,25,36.5,912.5,-912.5,0,-0.32275725,-912.82275725,35.09,912.82275725,0,BUY
STK,META,META PLATFORMS INC-CLASS A,NASDAQ,2026-03-27;11:57:35,0.0042,529.94,2.225748,-2.225748,0,-0.002228224,-2.227976224,525.72,2.227976224,0,BUY
STK,AREC,AMERICAN RESOURCES CORP,NASDAQ,2026-03-30;09:25:00,50,2.28,114,-114,0,-0.29525725,-114.29525725,2.24,114.29525725,0,BUY
STK,MU,MICRON TECHNOLOGY INC,NASDAQ,2026-03-30;12:27:55,5,329.5,1647.5,-1647.5,0,-0.34475725,-1647.84475725,321.8,1647.84475725,0,BUY
STK,LUNR,INTUITIVE MACHINES INC,NASDAQ,2026-03-31;04:04:00,100,16.71,1671,-1671,0,-0.67025725,-1671.67025725,18.56,1671.67025725,0,BUY
STK,LUNR,INTUITIVE MACHINES INC,NASDAQ,2026-03-31;05:41:27,-10,16.76,-167.6,167.6,0,-0.34120725,167.25879275,18.56,-167.167026,0.091767,SELL
STK,LUNR,INTUITIVE MACHINES INC,NASDAQ,2026-03-31;05:41:27,-90,16.76,-1508.4,1508.4,0,0.08145,1508.48145,18.56,-1504.503232,3.978218,SELL
STK,HUMA,HUMACYTE INC,NASDAQ,2026-04-01;13:14:18,100,0.6059,60.59,-60.59,0,-0.37025725,-60.96025725,0.5919,60.96025725,0,BUY
STK,MU,MICRON TECHNOLOGY INC,NASDAQ,2026-04-02;07:37:52,-25,347.6,-8690,8690,0,-0.50664625,8689.49335375,366.24,-9501.936321,-812.442967,SELL
STK,LUNR,INTUITIVE MACHINES INC,NASDAQ,2026-04-02;07:44:10,-100,18.88,-1888,1888,0,-0.29865005,1887.70134995,23.99,-1887.70134995,0,SELL
STK,LUNR,INTUITIVE MACHINES INC,NASDAQ,2026-04-02;10:01:27,-50,21.9,-1095,1095,0,-0.32756425,1094.67243575,23.99,-1094.67243575,0,SELL
STK,LUNR,INTUITIVE MACHINES INC,NASDAQ,2026-04-02;10:36:22,-50,23.5,-1175,1175,0,-0.32921225,1174.67078775,23.99,-1174.67078775,0,SELL
STK,RKLB,ROCKET LAB CORP,NASDAQ,2026-04-06;04:00:00,42,68.58,2880.36,-2880.36,0,-0.38385725,-2880.74385725,67.67,2880.74385725,0,BUY
STK,RKLB,ROCKET LAB CORP,NASDAQ,2026-04-06;04:00:00,2,68.58,137.16,-137.16,0,-0.0016,-137.1616,67.67,137.1616,0,BUY
STK,RKLB,ROCKET LAB CORP,NASDAQ,2026-04-06;04:00:00,25,68.58,1714.5,-1714.5,0,-0.02,-1714.52,67.67,1714.52,0,BUY
STK,RKLB,ROCKET LAB CORP,NASDAQ,2026-04-06;04:00:00,3,68.58,205.74,-205.74,0,-0.0024,-205.7424,67.67,205.7424,0,BUY
STK,RKLB,ROCKET LAB CORP,NASDAQ,2026-04-06;04:00:00,25,68.58,1714.5,-1714.5,0,-0.02,-1714.52,67.67,1714.52,0,BUY
STK,RKLB,ROCKET LAB CORP,NASDAQ,2026-04-06;04:00:00,3,68.58,205.74,-205.74,0,-0.0024,-205.7424,67.67,205.7424,0,BUY
STK,RKLB,ROCKET LAB CORP,NASDAQ,2026-04-06;09:09:55,-90,68.7,-6183,6183,0,-0.39617705,6182.60382295,67.67,-6172.622257,9.981566,SELL
STK,RKLB,ROCKET LAB CORP,NASDAQ,2026-04-06;09:09:55,-10,68.7,-687,687,0,-0.0051022,686.9948978,67.67,-685.808,1.186897,SELL
STK,AREC,AMERICAN RESOURCES CORP,NASDAQ,2026-04-07;15:54:20,100,2.235,223.5,-223.5,0,-0.37025725,-223.87025725,2.225,223.87025725,0,BUY
STK,RKLB,ROCKET LAB CORP,NASDAQ,2026-04-07;21:10:42,10,70.18,701.8,-701.8,0,-0.34625725,-702.14625725,69.08,702.14625725,0,BUY
STK,RKLB,ROCKET LAB CORP,NASDAQ,2026-04-07;21:10:42,10,70.18,701.8,-701.8,0,0.004,-701.796,69.08,701.796,0,BUY
STK,RKLB,ROCKET LAB CORP,NASDAQ,2026-04-07;21:10:42,10,70.18,701.8,-701.8,0,0.004,-701.796,69.08,701.796,0,BUY
STK,RKLB,ROCKET LAB CORP,NASDAQ,2026-04-07;21:10:42,10,70.18,701.8,-701.8,0,0.004,-701.796,69.08,701.796,0,BUY
STK,RKLB,ROCKET LAB CORP,NASDAQ,2026-04-07;21:10:42,6,70.18,421.08,-421.08,0,-0.0072,-421.0872,69.08,421.0872,0,BUY
STK,RKLB,ROCKET LAB CORP,NASDAQ,2026-04-07;21:10:42,10,70.18,701.8,-701.8,0,0.004,-701.796,69.08,701.796,0,BUY
STK,RKLB,ROCKET LAB CORP,NASDAQ,2026-04-07;21:10:42,10,70.18,701.8,-701.8,0,0.004,-701.796,69.08,701.796,0,BUY
STK,RKLB,ROCKET LAB CORP,NASDAQ,2026-04-07;21:10:42,10,70.18,701.8,-701.8,0,0.004,-701.796,69.08,701.796,0,BUY
STK,RKLB,ROCKET LAB CORP,NASDAQ,2026-04-07;21:10:42,4,70.18,280.72,-280.72,0,0.0016,-280.7184,69.08,280.7184,0,BUY
STK,RKLB,ROCKET LAB CORP,NASDAQ,2026-04-07;21:10:42,10,70.18,701.8,-701.8,0,0.004,-701.796,69.08,701.796,0,BUY
STK,RKLB,ROCKET LAB CORP,NASDAQ,2026-04-07;21:10:42,10,70.18,701.8,-701.8,0,0.004,-701.796,69.08,701.796,0,BUY
STK,LUNR,INTUITIVE MACHINES INC,NASDAQ,2026-04-08;04:19:59,50,24.8,1240,-1240,0,-0.36025725,-1240.36025725,23.39,943.850675,-296.509582,BUY
STK,LUNR,INTUITIVE MACHINES INC,NASDAQ,2026-04-08;04:22:12,-70,24.72,-1730.4,1730.4,0,-0.62355349,1729.77644651,23.39,-1729.77644651,0,SELL
STK,LUNR,INTUITIVE MACHINES INC,NASDAQ,2026-04-08;04:22:12,-30,24.72,-741.6,741.6,0,0.01187304,741.61187304,23.39,-741.61187304,0,SELL
STK,RKLB,ROCKET LAB CORP,NASDAQ,2026-04-08;09:30:10,-100,73.2,-7320,7320,0,-0.22054925,7319.77945075,69.08,-7018.319857,301.459593,SELL
STK,LUNR,INTUITIVE MACHINES INC,NASDAQ,2026-04-09;09:32:05,-50,24.4,-1220,1220,0,-0.33013925,1219.66986075,21.97,-1219.66986075,0,SELL
STK,MU,MICRON TECHNOLOGY INC,NASDAQ,2026-04-09;14:57:54,-20,416.13,-8322.6,8322.6,0,-0.52960281,8322.07039719,421.51,-7082.59095,1239.479447,SELL
STK,LUNR,INTUITIVE MACHINES INC,NASDAQ,2026-04-09;15:26:16,300,22.35,6705,-6705,0,-0.72077175,-6705.72077175,21.97,6904.25208,198.531307,BUY
STK,LUNR,INTUITIVE MACHINES INC,NASDAQ,2026-04-10;07:26:03,70,22.28,1559.6,-1559.6,0,-0.57425725,-1560.17425725,23.57,1560.17425725,0,BUY
STK,LUNR,INTUITIVE MACHINES INC,NASDAQ,2026-04-10;07:26:03,30,22.28,668.4,-668.4,0,-0.096,-668.496,23.57,668.496,0,BUY
STK,LUNR,INTUITIVE MACHINES INC,NASDAQ,2026-04-10;09:12:53,-100,22.4,-2240,2240,0,-0.30590125,2239.69409875,23.57,-2228.670257,11.023842,SELL
STK,IREN,IREN LTD,NASDAQ,2026-04-13;10:09:15,-175,40.705,-7123.375,7123.375,0,-0.828816713,7122.546183287,43.07,-6818.358271,304.187912,SELL
STK,IREN,IREN LTD,NASDAQ,2026-04-13;10:23:26,100,40.66,4066,-4066,0,-0.37025725,-4066.37025725,43.07,4066.37025725,0,BUY
STK,IREN,IREN LTD,NASDAQ,2026-04-13;10:28:59,-100,41.1,-4110,4110,0,-0.34442325,4109.65557675,43.07,-4066.370257,43.28532,SELL
STK,IREN,IREN LTD,NASDAQ,2026-04-14;06:11:04,1,44.57,44.57,-44.57,0,-0.35345725,-44.92345725,47.37,44.92345725,0,BUY
STK,IREN,IREN LTD,NASDAQ,2026-04-14;06:11:04,1,44.57,44.57,-44.57,0,-0.0032,-44.5732,47.37,44.5732,0,BUY
STK,IREN,IREN LTD,NASDAQ,2026-04-14;06:11:04,97,44.57,4323.29,-4323.29,0,-0.3104,-4323.6004,47.37,4323.6004,0,BUY
STK,IREN,IREN LTD,NASDAQ,2026-04-14;06:11:04,1,44.57,44.57,-44.57,0,-0.0032,-44.5732,47.37,44.5732,0,BUY
STK,LUNR,INTUITIVE MACHINES INC,NASDAQ,2026-04-14;06:12:31,100,25.74,2574,-2574,0,-0.24025725,-2574.24025725,23.67,2574.24025725,0,BUY
STK,LUNR,INTUITIVE MACHINES INC,NASDAQ,2026-04-14;08:43:25,-100,25.85,-2585,2585,0,-0.31300825,2584.68699175,23.67,-2574.240257,10.446734,SELL
STK,IREN,IREN LTD,NASDAQ,2026-04-14;09:32:00,-100,45,-4500,4500,0,-0.35245725,4499.64754275,47.37,-4457.670257,41.977284,SELL
STK,IREN,IREN LTD,NASDAQ,2026-04-14;10:44:49,100,46.7,4670,-4670,0,-0.24025725,-4670.24025725,47.37,4670.24025725,0,BUY
STK,IREN,IREN LTD,NASDAQ,2026-04-14;10:52:53,-100,47,-4700,4700,0,-0.35657725,4699.64342275,47.37,-4670.240257,29.403166,SELL
STK,RKLB,ROCKET LAB CORP,NASDAQ,2026-04-15;10:03:56,22,72.6287,1597.8314,-1597.8314,0,-0.35465725,-1598.18605725,73.6,1598.18605725,0,BUY
STK,RKLB,ROCKET LAB CORP,NASDAQ,2026-04-15;10:03:56,58,72.63,4212.54,-4212.54,0,-0.0116,-4212.5516,73.6,4212.5516,0,BUY
STK,RKLB,ROCKET LAB CORP,NASDAQ,2026-04-15;10:03:56,20,72.6287,1452.574,-1452.574,0,-0.004,-1452.578,73.6,1452.578,0,BUY
STK,RKLB,ROCKET LAB CORP,NASDAQ,2026-04-15;10:17:35,-100,72.9,-7290,7290,0,-0.40993125,7289.59006875,73.6,-7263.315657,26.274412,SELL
STK,LUNR,INTUITIVE MACHINES INC,NASDAQ,2026-04-16;02:06:35,100,23.85,2385,-2385,0,-0.47025725,-2385.47025725,27.28,2385.47025725,0,BUY
STK,ASTS,AST SPACEMOBILE INC,NASDAQ,2026-04-16;07:54:48,100,89,8900,-8900,0,-0.37025725,-8900.37025725,90.94,8900.37025725,0,BUY
STK,MU,MICRON TECHNOLOGY INC,NASDAQ,2026-04-16;09:30:00,0.0112,453,5.0736,-5.0736,0,-0.005079569,-5.078679569,457.23,5.078679569,0,BUY
STK,LUNR,INTUITIVE MACHINES INC,NASDAQ,2026-04-16;09:41:05,-100,24.85,-2485,2485,0,-0.31094825,2484.68905175,27.28,-2385.470257,99.218795,SELL
STK,ASTS,AST SPACEMOBILE INC,NASDAQ,2026-04-16;09:44:54,-53,89.1,-4722.3,4722.3,0,-0.39957163,4721.90042837,90.94,-4717.196236,4.704192,SELL
STK,ASTS,AST SPACEMOBILE INC,NASDAQ,2026-04-16;09:44:54,-47,89.1,-4187.7,4187.7,0,-0.04373162,4187.65626838,90.94,-4183.174021,4.482247,SELL
STK,IREN,IREN LTD,NASDAQ,2026-04-17;05:59:41,100,47.8,4780,-4780,0,-0.24025725,-4780.24025725,48.12,4780.24025725,0,BUY
STK,IREN,IREN LTD,NASDAQ,2026-04-17;09:05:07,-100,49,-4900,4900,0,-0.36069725,4899.63930275,48.12,-4780.240257,119.399046,SELL
STK,IREN,IREN LTD,NASDAQ,2026-04-17;09:46:50,100,47.8,4780,-4780,0,-0.17025725,-4780.17025725,48.12,4780.17025725,0,BUY
STK,MU,MICRON TECHNOLOGY INC,NASDAQ,2026-04-17;11:18:47,-0.0112,460.24,-5.154688,5.154688,0,-0.051695378,5.102992622,455.07,-5.07868,0.024313,SELL
STK,IREN,IREN LTD,NASDAQ,2026-04-17;14:45:06,-100,48.1,-4810,4810,0,-0.35884325,4809.64115675,48.12,-4780.170257,29.4709,SELL
STK,ASTS,AST SPACEMOBILE INC,NASDAQ,2026-04-20;03:30:26,50,75.86,3793,-3793,0,-0.46025725,-3793.46025725,81,3793.46025725,0,BUY
STK,ASTS,AST SPACEMOBILE INC,NASDAQ,2026-04-20;04:02:14,10,74.49,744.9,-744.9,0,-0.38225725,-745.28225725,81,745.28225725,0,BUY
STK,IREN,IREN LTD,NASDAQ,2026-04-20;09:42:04,50,48.0493,2402.465,-2402.465,0,-0.36025725,-2402.82525725,48.72,2402.82525725,0,BUY
STK,IREN,IREN LTD,NASDAQ,2026-04-20;10:03:13,-50,49,-2450,2450,0,-0.35547725,2449.64452275,48.72,-2402.825257,46.819265,SELL
STK,IREN,IREN LTD,NASDAQ,2026-04-20;11:09:53,50,47.8,2390,-2390,0,-0.29525725,-2390.29525725,48.72,2390.29525725,0,BUY
STK,IREN,IREN LTD,NASDAQ,2026-04-20;11:21:17,-50,48.7,-2435,2435,0,-0.35516825,2434.64483175,48.72,-2390.295257,44.349575,SELL
STK,IREN,IREN LTD,NASDAQ,2026-04-21;09:31:01,100,47.98,4798,-4798,0,-0.24025725,-4798.24025725,45.17,4798.24025725,0,BUY
STK,IREN,IREN LTD,NASDAQ,2026-04-21;10:04:05,20,47.5,950,-950,0,-0.32825725,-950.32825725,45.17,950.32825725,0,BUY
STK,IREN,IREN LTD,NASDAQ,2026-04-21;10:57:12,10,46.885,468.85,-468.85,0,-0.35225725,-469.20225725,45.17,469.20225725,0,BUY
STK,IREN,IREN LTD,NASDAQ,2026-04-21;10:57:12,10,46.885,468.85,-468.85,0,-0.002,-468.852,45.17,468.852,0,BUY
STK,IREN,IREN LTD,NASDAQ,2026-04-21;16:37:41,20,46.46,929.2,-929.2,0,-0.41425725,-929.61425725,45.17,929.61425725,0,BUY
STK,ASTS,AST SPACEMOBILE INC,NASDAQ,2026-04-22;09:36:09,-60,86.5,-5190,5190,0,-0.40287125,5189.59712875,84.66,-4538.742514,650.854615,SELL
STK,IREN,IREN LTD,NASDAQ,2026-04-22;11:55:28,-160,48.3,-7728,7728,0,-0.5748084,7727.4251916,48.39,-7616.237028,111.188163,SELL
STK,LUNR,INTUITIVE MACHINES INC,NASDAQ,2026-04-24;03:46:20,87,27.7,2409.9,-2409.9,0,-0.31545725,-2410.21545725,25.53,2410.21545725,0,BUY
STK,LUNR,INTUITIVE MACHINES INC,NASDAQ,2026-04-24;03:46:20,13,27.7,360.1,-360.1,0,0.0052,-360.0948,25.53,360.0948,0,BUY
STK,IREN,IREN LTD,NASDAQ,2026-04-24;05:46:39,100,53.67,5367,-5367,0,-0.37025725,-5367.37025725,50.64,5367.37025725,0,BUY
STK,LUNR,INTUITIVE MACHINES INC,NASDAQ,2026-04-24;09:27:10,-74,28.4,-2101.6,2101.6,0,-0.32658021,2101.27341979,25.53,-2050.06832,51.2051,SELL
STK,LUNR,INTUITIVE MACHINES INC,NASDAQ,2026-04-24;09:27:20,-26,28.4,-738.4,738.4,0,0.00831896,738.40831896,25.53,-720.241937,18.166381,SELL
STK,IREN,IREN LTD,NASDAQ,2026-04-24;10:01:06,30,52.085,1562.55,-1562.55,0,-0.35625725,-1562.90625725,50.64,1562.90625725,0,BUY
STK,IREN,IREN LTD,NASDAQ,2026-04-24;19:24:35,6,50.7,304.2,-304.2,0,-0.34365725,-304.54365725,50.64,304.54365725,0,BUY
STK,IREN,IREN LTD,NASDAQ,2026-04-24;19:25:30,14,50.7,709.8,-709.8,0,0.0154,-709.7846,50.64,709.7846,0,BUY
STK,OXIG,OXFORD INSTRUMENTS PLC,LSE,2026-04-27;07:03:01,200,29.1,5820,-5820,-29.1,-2.97,-5852.07,28.6,5852.07,0,BUY
STK,OXIG,OXFORD INSTRUMENTS PLC,LSE,2026-04-27;07:14:09,-200,28.98,-5796,5796,0,-2.958,5793.042,28.6,-5852.07,-59.028,SELL
STK,IREN,IREN LTD,NASDAQ,2026-04-27;10:59:20,25,48.8,1220,-1220,0,-0.32275725,-1220.32275725,48.36,1220.32275725,0,BUY
STK,IREN,IREN LTD,NASDAQ,2026-04-27;12:26:03,25,47.8,1195,-1195,0,-0.32275725,-1195.32275725,48.36,1195.32275725,0,BUY
STK,IREN,IREN LTD,NASDAQ,2026-04-28;06:17:22,25,46.7,1167.5,-1167.5,0,-0.32275725,-1167.82275725,44.44,1167.82275725,0,BUY
STK,IREN,IREN LTD,NASDAQ,2026-04-28;10:02:29,25,45,1125,-1125,0,-0.32275725,-1125.32275725,44.44,1125.32275725,0,BUY
OPT,IREN  260508C00050000,IREN 08MAY26 50 C,CBOE,2026-04-28;10:04:35,-1,2.46,-246,246,0,-0.8063076,245.1936924,2.2129,-245.1936924,0,SELL
STK,LUNR,INTUITIVE MACHINES INC,NASDAQ,2026-04-29;07:38:30,60,24.79,1487.4,-1487.4,0,-0.54225725,-1487.94225725,24.79,1487.94225725,0,BUY
STK,LUNR,INTUITIVE MACHINES INC,NASDAQ,2026-04-29;07:38:30,40,24.79,991.6,-991.6,0,-0.128,-991.728,24.79,991.728,0,BUY
STK,LUNR,INTUITIVE MACHINES INC,NASDAQ,2026-04-29;10:09:01,50,22.8,1140,-1140,0,-0.29525725,-1140.29525725,24.79,1140.29525725,0,BUY
STK,LUNR,INTUITIVE MACHINES INC,NASDAQ,2026-04-30;09:30:03,-150,25.4,-3810,3810,0,-0.183121875,3809.816878125,25.35,-3619.965514,189.851364,SELL
STK,LUNR,INTUITIVE MACHINES INC,NASDAQ,2026-05-01;06:28:50,100,25.6,2560,-2560,0,-0.67055725,-2560.67055725,25.62,2560.67055725,0,BUY
STK,LUNR,INTUITIVE MACHINES INC,NASDAQ,2026-05-01;09:30:44,50,24.4,1220,-1220,0,-0.29540725,-1220.29540725,25.62,1220.29540725,0,BUY
STK,LUNR,INTUITIVE MACHINES INC,NASDAQ,2026-05-01;12:13:53,-150,25.3,-3795,3795,0,-0.468262875,3794.531737125,25.62,-3780.965964,13.565772,SELL
STK,IREN,IREN LTD,NASDAQ,2026-05-04;06:04:29,18,47,846,-846,0,-0.33051125,-846.33051125,49.48,846.33051125,0,BUY
STK,IREN,IREN LTD,NASDAQ,2026-05-04;06:04:29,7,47,329,-329,0,0.007679,-328.992321,49.48,328.992321,0,BUY
STK,LUNR,INTUITIVE MACHINES INC,NASDAQ,2026-05-04;11:46:02,100,25,2500,-2500,0,-0.24055725,-2500.24055725,25.35,2500.24055725,0,BUY
STK,LUNR,INTUITIVE MACHINES INC,NASDAQ,2026-05-04;12:57:11,-100,25.25,-2525,2525,0,-0.24207225,2524.75792775,25.35,-2500.240557,24.51737,SELL
STK,AMD,ADVANCED MICRO DEVICES,NASDAQ,2026-05-04;14:30:07,2,344.16,688.32,-688.32,0,-0.34806325,-688.66806325,341.54,688.66806325,0,BUY
STK,AMD,ADVANCED MICRO DEVICES,NASDAQ,2026-05-04;14:30:11,0.9216,344.15,317.16864,-317.16864,0,-0.000187085,-317.168827085,341.54,317.168827085,0,BUY
STK,SGLD,INVESCO PHYSICAL GOLD ETC,BVME.ETF,2026-05-05;03:26:41,3,374.55,1123.65,-1123.65,0,-2.715,-1126.365,376.41,1126.365,0,BUY
STK,EGLN,ISHARES PHYSICAL GOLD ETC,LSEETF,2026-05-05;03:34:44,15,75.54,1133.1,-1133.1,0,-1.32,-1134.42,75.87,1134.42,0,BUY
STK,SGLD,INVESCO PHYSICAL GOLD ETC,BVME.ETF,2026-05-05;03:37:01,-3,375,-1125,1125,0,-2.715,1122.285,376.41,-1126.365,-4.08,SELL
STK,LUNR,INTUITIVE MACHINES INC,NASDAQ,2026-05-05;09:56:04,100,24.74,2474,-2474,0,-0.17055725,-2474.17055725,24.8,2474.17055725,0,BUY
STK,IREN,IREN LTD,NASDAQ,2026-05-05;12:00:04,-175,52.4,-9170,9170,0,-0.644002187,9169.355997813,54.74,-9164.927528,4.428471,SELL
CASH,GBP.USD,GBP.USD,,2026-05-05;12:00:48,59.05,1.35735,80.1515175,-80.1515175,0,-2,0,0,0,0,BUY
STK,LUNR,INTUITIVE MACHINES INC,NASDAQ,2026-05-05;13:30:05,5,24.1,120.5,-120.5,0,-0.34477225,-120.84477225,24.8,120.84477225,0,BUY
STK,LUNR,INTUITIVE MACHINES INC,NASDAQ,2026-05-05;13:30:05,45,24.1,1084.5,-1084.5,0,0.049365,-1084.450635,24.8,1084.450635,0,BUY
STK,2DG,SIVERS SEMICONDUCTORS AB,FWB2,2026-05-06;03:46:11,500,5.045,2522.5,-2522.5,0,-1.26125,-2523.76125,4.906,2523.76125,0,BUY
STK,2DG,SIVERS SEMICONDUCTORS AB,FWB2,2026-05-06;09:01:39,100,4.722,472.2,-472.2,0,-1.25,-473.45,4.906,473.45,0,BUY
STK,LUNR,INTUITIVE MACHINES INC,NASDAQ,2026-05-06;09:41:32,-150,26,-3900,3900,0,-0.470425875,3899.529574125,26.33,-3679.465964,220.06361,SELL
STK,LUNR,INTUITIVE MACHINES INC,NASDAQ,2026-05-07;09:31:57,50,25.61,1280.5,-1280.5,0,-0.36040725,-1280.86040725,24.11,1280.86040725,0,BUY
STK,LUNR,INTUITIVE MACHINES INC,NASDAQ,2026-05-07;11:46:18,50,24.5,1225,-1225,0,-0.29540725,-1225.29540725,24.11,1225.29540725,0,BUY
STK,LUNR,INTUITIVE MACHINES INC,NASDAQ,2026-05-07;16:44:14,50,24.3,1215,-1215,0,-0.29540725,-1215.29540725,24.11,1215.29540725,0,BUY
STK,LUNR,INTUITIVE MACHINES INC,NASDAQ,2026-05-08;10:01:42,-32,26.22,-839.04,839.04,0,-0.338677474,838.701322526,28.97,-819.75066,18.950662,SELL
STK,LUNR,INTUITIVE MACHINES INC,NASDAQ,2026-05-08;10:01:42,-118,26.22,-3093.96,3093.96,0,-0.132428201,3093.827571799,28.97,-2901.700561,192.127011,SELL
STK,IREN,IREN LTD,NASDAQ,2026-05-08;16:20:00,-100,50,-5000,5000,0,-0.1225,4999.8775,61.2,-4663.791103,581.280089,SELL
OPT,IREN  260508C00050000,IREN 08MAY26 50 C,CBOE,2026-05-08;16:20:00,1,0,0,0,0,0,0,11.2,245.193692,0,BUY
STK,MU,MICRON TECHNOLOGY INC,NASDAQ,2026-05-11;05:36:11,10,771,7710,-7710,0,-0.33928725,-7710.33928725,795.33,7710.33928725,0,BUY
STK,MU,MICRON TECHNOLOGY INC,NASDAQ,2026-05-11;05:56:57,1,766.5,766.5,-766.5,0,-0.34916025,-766.84916025,795.33,766.84916025,0,BUY
STK,MU,MICRON TECHNOLOGY INC,NASDAQ,2026-05-11;05:56:57,1,766.5,766.5,-766.5,0,0.001097,-766.498903,795.33,766.498903,0,BUY
STK,MU,MICRON TECHNOLOGY INC,NASDAQ,2026-05-11;06:41:12,2,762,1524,-1524,0,-0.34806325,-1524.34806325,795.33,1524.34806325,0,BUY
STK,MU,MICRON TECHNOLOGY INC,NASDAQ,2026-05-11;09:11:15,-14,792,-11088,11088,0,-0.56604205,11087.43395795,795.33,-10768.035413,319.398544,SELL
STK,2DG,SIVERS SEMICONDUCTORS AB,FWB2,2026-05-11;12:24:39,-300,4.83,-1449,1449,0,-1.25,1447.75,4.604,-1514.25675,-66.50675,SELL
STK,2DG,SIVERS SEMICONDUCTORS AB,FWB2,2026-05-11;13:38:03,-300,4.7,-1410,1410,0,-1.25,1408.75,4.604,-1482.9545,-74.2045,SELL
STK,LUNR,INTUITIVE MACHINES INC,NASDAQ,2026-05-12;09:52:06,50,31.7,1585,-1585,0,-0.29540725,-1585.29540725,32.09,1585.29540725,0,BUY
STK,LUNR,INTUITIVE MACHINES INC,NASDAQ,2026-05-12;15:21:51,-50,31.75,-1587.5,1587.5,0,-0.33785975,1587.16214025,32.09,-1585.295407,1.866733,SELL
STK,MU,MICRON TECHNOLOGY INC,NASDAQ,2026-05-12;15:38:49,5,756.0204,3780.102,-3780.102,0,-0.35127225,-3780.45327225,766.58,3780.45327225,0,BUY
STK,MU,MICRON TECHNOLOGY INC,NASDAQ,2026-05-12;18:01:28,5,771.9,3859.5,-3859.5,0,-0.35127225,-3859.85127225,766.58,3859.85127225,0,BUY
STK,LUNR,INTUITIVE MACHINES INC,NASDAQ,2026-05-13;05:49:33,50,34.5,1725,-1725,0,-0.29540725,-1725.29540725,35.68,1725.29540725,0,BUY
STK,LUNR,INTUITIVE MACHINES INC,NASDAQ,2026-05-13;08:32:42,1,33.91,33.91,-33.91,0,-0.338252238,-34.248252238,35.68,34.248252238,0,BUY
STK,LUNR,INTUITIVE MACHINES INC,NASDAQ,2026-05-13;08:32:42,49,33.91,1661.59,-1661.59,0,0.042844988,-1661.547155012,35.68,1661.547155012,0,BUY
STK,MU,MICRON TECHNOLOGY INC,NASDAQ,2026-05-13;09:28:00,-10,814,-8140,8140,0,-0.50892125,8139.49107875,803.63,-7640.304544,499.186534,SELL
STK,LUNR,INTUITIVE MACHINES INC,NASDAQ,2026-05-13;09:46:41,25,33.1,827.5,-827.5,0,-0.32283225,-827.82283225,35.68,827.82283225,0,BUY
STK,LUNR,INTUITIVE MACHINES INC,NASDAQ,2026-05-13;10:34:53,-125,35.6,-4450,4450,0,-0.416741562,4449.583258438,35.68,-4248.913646,200.669611,SELL
STK,MU,MICRON TECHNOLOGY INC,NASDAQ,2026-05-14;10:15:47,3,799.09,2397.27,-2397.27,0,-0.35086625,-2397.62086625,776.01,2397.62086625,0,BUY
STK,MU,MICRON TECHNOLOGY INC,NASDAQ,2026-05-14;10:15:47,2,799.0852,1598.1704,-1598.1704,0,-0.000406,-1598.170806,776.01,1598.170806,0,BUY
STK,MU,MICRON TECHNOLOGY INC,NASDAQ,2026-05-14;10:56:57,5,792.5,3962.5,-3962.5,0,-0.34477225,-3962.84477225,776.01,3962.84477225,0,BUY
STK,MU,MICRON TECHNOLOGY INC,NASDAQ,2026-05-14;16:14:46,5,779.64,3898.2,-3898.2,0,-0.34477225,-3898.54477225,776.01,3898.54477225,0,BUY
STK,MU,MICRON TECHNOLOGY INC,NASDAQ,2026-05-15;02:00:16,5,733,3665,-3665,0,-0.34827225,-3665.34827225,724.66,3665.34827225,0,BUY
STK,MU,MICRON TECHNOLOGY INC,NASDAQ,2026-05-15;12:22:51,5,733,3665,-3665,0,-0.34477225,-3665.34477225,724.66,3665.34477225,0,BUY
STK,MU,MICRON TECHNOLOGY INC,NASDAQ,2026-05-18;13:38:46,5,679.5,3397.5,-3397.5,0,-0.34477225,-3397.84477225,681.54,3397.84477225,0,BUY
STK,GOOGL,ALPHABET INC-CL A,NASDAQ,2026-05-20;11:27:33,2,384.4,768.8,-768.8,0,-0.35066325,-769.15066325,388.91,769.15066325,0,BUY
STK,MU,MICRON TECHNOLOGY INC,NASDAQ,2026-05-26;08:33:58,-30,812,-24360,24360,0,-0.82501325,24359.17498675,895.88,-22585.719032,1773.455956,SELL
STK,LUNR,INTUITIVE MACHINES INC,NASDAQ,2026-05-27;04:03:20,50,40.91,2045.5,-2045.5,0,-0.36040725,-2045.86040725,40.34,2045.86040725,0,BUY
STK,LUNR,INTUITIVE MACHINES INC,NASDAQ,2026-05-27;07:20:54,25,39.7,992.5,-992.5,0,-0.32283225,-992.82283225,40.34,992.82283225,0,BUY
STK,LUNR,INTUITIVE MACHINES INC,NASDAQ,2026-05-27;08:36:26,25,38.6,965,-965,0,-0.32283225,-965.32283225,40.34,965.32283225,0,BUY
STK,LUNR,INTUITIVE MACHINES INC,NASDAQ,2026-05-27;09:30:47,25,35.8,895,-895,0,-0.35533225,-895.35533225,40.34,895.35533225,0,BUY
STK,LUNR,INTUITIVE MACHINES INC,NASDAQ,2026-05-27;14:18:26,-125,40.2,-5025,5025,0,-0.428586562,5024.571413438,40.34,-4899.361403,125.210008,SELL
STK,LUNR,INTUITIVE MACHINES INC,NASDAQ,2026-05-29;08:00:40,25,42.8,1070,-1070,0,-0.32283225,-1070.32283225,43.83,1070.32283225,0,BUY
STK,LUNR,INTUITIVE MACHINES INC,NASDAQ,2026-05-29;08:04:55,25,42.9,1072.5,-1072.5,0,-0.32283225,-1072.82283225,43.83,1072.82283225,0,BUY
STK,LUNR,INTUITIVE MACHINES INC,NASDAQ,2026-05-29;09:13:17,25,42.1,1052.5,-1052.5,0,-0.32283225,-1052.82283225,43.83,1052.82283225,0,BUY
STK,LUNR,INTUITIVE MACHINES INC,NASDAQ,2026-05-29;09:31:17,25,41.5,1037.5,-1037.5,0,-0.32283225,-1037.82283225,43.83,1037.82283225,0,BUY
STK,LUNR,INTUITIVE MACHINES INC,NASDAQ,2026-05-29;09:34:42,25,41.1,1027.5,-1027.5,0,-0.32283225,-1027.82283225,43.83,1027.82283225,0,BUY
STK,LUNR,INTUITIVE MACHINES INC,NASDAQ,2026-05-29;09:55:47,25,40.2,1005,-1005,0,-0.32283225,-1005.32283225,43.83,1005.32283225,0,BUY
STK,LUNR,INTUITIVE MACHINES INC,NASDAQ,2026-05-29;10:10:36,25,39.2,980,-980,0,-0.32283225,-980.32283225,43.83,980.32283225,0,BUY
STK,LUNR,INTUITIVE MACHINES INC,NASDAQ,2026-05-29;15:52:32,-175,43.4,-7595,7595,0,-0.611557187,7594.388442813,43.83,-7247.259824,347.128614,SELL
STK,2DG,SIVERS SEMICONDUCTORS AB,FWB2,2026-06-01;03:20:32,250,6.2,1550,-1550,0,-1.25,-1551.25,5.78,1551.25,0,BUY
STK,2DG,SIVERS SEMICONDUCTORS AB,FWB2,2026-06-01;03:29:20,100,6.095,609.5,-609.5,0,-1.25,-610.75,5.78,610.75,0,BUY
STK,LUNR,INTUITIVE MACHINES INC,NASDAQ,2026-06-01;09:37:39,50,41,2050,-2050,0,-0.29540725,-2050.29540725,38.21,2050.29540725,0,BUY
STK,LUNR,INTUITIVE MACHINES INC,NASDAQ,2026-06-01;09:39:37,25,40.34,1008.5,-1008.5,0,-0.35533225,-1008.85533225,38.21,1008.85533225,0,BUY
STK,LUNR,INTUITIVE MACHINES INC,NASDAQ,2026-06-01;09:43:55,25,40,1000,-1000,0,-0.32283225,-1000.32283225,38.21,1000.32283225,0,BUY
STK,LUNR,INTUITIVE MACHINES INC,NASDAQ,2026-06-01;09:51:54,22,39.75,874.5,-874.5,0,-0.32612325,-874.82612325,38.21,874.82612325,0,BUY
STK,LUNR,INTUITIVE MACHINES INC,NASDAQ,2026-06-01;09:54:05,28,39.1,1094.8,-1094.8,0,-0.31954125,-1095.11954125,38.21,1095.11954125,0,BUY
STK,LUNR,INTUITIVE MACHINES INC,NASDAQ,2026-06-01;11:26:11,25,37.979,949.475,-949.475,0,-0.35533225,-949.83033225,38.21,949.83033225,0,BUY
STK,2DG,SIVERS SEMICONDUCTORS AB,FWB2,2026-06-02;03:09:08,-350,6.875,-2406.25,2406.25,0,-1.25,2405,5.78,-2162,243,SELL
STK,HUMA,HUMACYTE INC,NASDAQ,2026-06-02;09:33:20,-265,1.362,-360.93,360.93,0,-1.041086871,359.888913129,1.39,-291.988828,67.900086,SELL
STK,ETHEEUR,COINSHARES ETHEREUM STAK ETP,BVME.ETF,2026-06-02;11:01:16,10,50.3,503,-503,0,-2.715,-505.715,49.498,505.715,0,BUY
STK,GOOGL,ALPHABET INC-CL A,NASDAQ,2026-06-03;03:49:30,1,363.65,363.65,-363.65,0,-0.34986025,-363.99986025,358.99,363.99986025,0,BUY
STK,GOOGL,ALPHABET INC-CL A,NASDAQ,2026-06-03;03:49:40,2,363.65,727.3,-727.3,0,0.000794,-727.299206,358.99,727.299206,0,BUY
STK,LUNR,INTUITIVE MACHINES INC,NASDAQ,2026-06-03;12:37:14,25,33.5,837.5,-837.5,0,-0.32283225,-837.82283225,33.83,837.82283225,0,BUY
STK,EMIM,ISHARES CORE EM IMI ACC,AEB,2026-06-05;09:41:44,10,46.8,468,-468,0,-1.290592,-469.290592,46.55,469.290592,0,BUY
STK,ETHEEUR,COINSHARES ETHEREUM STAK ETP,BVME.ETF,2026-06-05;10:16:55,10,42.4,424,-424,0,-2.715,-426.715,41.666,426.715,0,BUY
STK,LUNR,INTUITIVE MACHINES INC,NASDAQ,2026-06-05;11:01:48,13,30.5,396.5,-396.5,0,-0.33599625,-396.83599625,29.36,396.83599625,0,BUY
STK,LUNR,INTUITIVE MACHINES INC,NASDAQ,2026-06-05;11:01:48,1,30.5,30.5,-30.5,0,0.001097,-30.498903,29.36,30.498903,0,BUY
STK,LUNR,INTUITIVE MACHINES INC,NASDAQ,2026-06-05;11:01:48,11,30.5,335.5,-335.5,0,0.012067,-335.487933,29.36,335.487933,0,BUY
CASH,GBP.USD,GBP.USD,,2026-06-06;00:36:32,0.058,1.33425,0.0773865,-0.0773865,0,0,0,0,0,0,BUY
STK,MU,MICRON TECHNOLOGY INC,NASDAQ,2026-06-08;01:45:58,5,871.5,4357.5,-4357.5,0,-0.34827225,-4357.84827225,949.28,4357.84827225,0,BUY
STK,MU,MICRON TECHNOLOGY INC,NASDAQ,2026-06-08;07:46:55,5,922,4610,-4610,0,-0.34477225,-4610.34477225,949.28,4610.34477225,0,BUY
STK,AMD,ADVANCED MICRO DEVICES,NASDAQ,2026-06-08;08:04:02,4,480.1,1920.4,-1920.4,0,-0.35106925,-1920.75106925,490.33,1920.75106925,0,BUY
STK,2DG,SIVERS SEMICONDUCTORS AB,FWB2,2026-06-09;13:21:03,250,7.14,1785,-1785,0,-1.25,-1786.25,7.175,1786.25,0,BUY
STK,MU,MICRON TECHNOLOGY INC,NASDAQ,2026-06-09;14:33:21,1,906.95,906.95,-906.95,0,-0.34916025,-907.29916025,935.89,907.29916025,0,BUY
STK,MU,MICRON TECHNOLOGY INC,NASDAQ,2026-06-09;14:33:23,4,906.95,3627.8,-3627.8,0,0.004388,-3627.795612,935.89,3627.795612,0,BUY
STK,MU,MICRON TECHNOLOGY INC,NASDAQ,2026-06-09;14:33:41,-10,907,-9070,9070,0,-0.52807925,9069.47192075,935.89,-8968.193044,101.278876,SELL
STK,MU,MICRON TECHNOLOGY INC,NASDAQ,2026-06-09;18:20:05,-5,922.3,-4611.5,4611.5,0,-0.44724415,4611.05275585,935.89,-4535.094772,75.957984,SELL
STK,MU,MICRON TECHNOLOGY INC,NASDAQ,2026-06-10;04:19:25,1,902,902,-902,0,-0.34916025,-902.34916025,891.88,902.34916025,0,BUY
STK,MU,MICRON TECHNOLOGY INC,NASDAQ,2026-06-10;04:19:25,2,902,1804,-1804,0,0.002194,-1803.997806,891.88,1803.997806,0,BUY
STK,MU,MICRON TECHNOLOGY INC,NASDAQ,2026-06-10;04:19:25,1,902,902,-902,0,0.001097,-901.998903,891.88,901.998903,0,BUY
STK,MU,MICRON TECHNOLOGY INC,NASDAQ,2026-06-10;04:19:25,1,902,902,-902,0,0.001097,-901.998903,891.88,901.998903,0,BUY
STK,MU,MICRON TECHNOLOGY INC,NASDAQ,2026-06-10;08:52:18,5,915,4575,-4575,0,-0.34477225,-4575.34477225,891.88,4575.34477225,0,BUY
STK,MU,MICRON TECHNOLOGY INC,NASDAQ,2026-06-10;10:42:38,5,943,4715,-4715,0,-0.34477225,-4715.34477225,891.88,4715.34477225,0,BUY
STK,MU,MICRON TECHNOLOGY INC,NASDAQ,2026-06-10;10:59:09,-5,918.18,-4590.9,4590.9,0,-0.44681979,4590.45318021,891.88,-4510.344772,80.108408,SELL
STK,MU,MICRON TECHNOLOGY INC,NASDAQ,2026-06-10;11:08:40,5,915,4575,-4575,0,-0.34477225,-4575.34477225,891.88,4575.34477225,0,BUY
STK,MU,MICRON TECHNOLOGY INC,NASDAQ,2026-06-11;05:29:11,-5,918.5,-4592.5,4592.5,0,-0.44035275,4592.05964725,995.87,-4575.344772,16.714875,SELL
STK,2DG,SIVERS SEMICONDUCTORS AB,FWB2,2026-06-11;10:37:04,-250,7.45,-1862.5,1862.5,0,-1.25,1861.25,7.675,-1786.25,75,SELL
STK,MU,MICRON TECHNOLOGY INC,NASDAQ,2026-06-11;11:00:56,5,898,4490,-4490,0,-0.34477225,-4490.34477225,995.87,4490.34477225,0,BUY
STK,MU,MICRON TECHNOLOGY INC,NASDAQ,2026-06-11;15:53:51,-15,993,-14895,14895,0,-0.64356425,14894.35643575,995.87,-13781.034316,1113.32212,SELL
STK,ADBE,ADOBE INC,NASDAQ,2026-06-11;18:14:56,3,206.2,618.6,-618.6,0,-0.35086625,-618.95086625,218.8,618.95086625,0,BUY
STK,MU,MICRON TECHNOLOGY INC,NASDAQ,2026-06-12;10:06:27,3,997.5,2992.5,-2992.5,0,-0.34696625,-2992.84696625,981.61,2992.84696625,0,BUY
STK,MU,MICRON TECHNOLOGY INC,NASDAQ,2026-06-12;10:11:32,-3,1006,-3018,3018,0,-0.40972205,3017.59027795,981.61,-2992.846966,24.743312,SELL
STK,MU,MICRON TECHNOLOGY INC,NASDAQ,2026-06-14;22:59:55,5,1029,5145,-5145,0,-0.34827225,-5145.34827225,1087.99,5145.34827225,0,BUY
STK,MU,MICRON TECHNOLOGY INC,NASDAQ,2026-06-15;04:13:57,-5,1056,-5280,5280,0,-0.45451525,5279.54548475,1087.99,-5145.348272,134.197212,SELL
STK,GOOGL,ALPHABET INC-CL A,NASDAQ,2026-06-16;09:33:27,0.0075,370.64,2.7798,-2.7798,0,-0.002783366,-2.782583366,373.25,2.782583366,0,BUY
STK,SPCX,SPACE EXPLORATION TECHN-CL A,NASDAQ,2026-06-16;11:32:40,50,214,10700,-10700,0,-0.29540725,-10700.29540725,201.8,10700.29540725,0,BUY
STK,SPCX,SPACE EXPLORATION TECHN-CL A,NASDAQ,2026-06-16;12:23:38,-42,216.6,-9097.2,9097.2,0,-0.49977557,9096.70022443,201.8,-8988.248142,108.452082,SELL
STK,SPCX,SPACE EXPLORATION TECHN-CL A,NASDAQ,2026-06-16;12:23:38,-8,216.6,-1732.8,1732.8,0,-0.02847968,1732.77152032,201.8,-1712.047265,20.724255,SELL
STK,ASTS,AST SPACEMOBILE INC,NASDAQ,2026-06-17;01:42:01,50,85.8,4290,-4290,0,-0.33040725,-4290.33040725,85.43,4290.33040725,0,BUY
STK,LUNR,INTUITIVE MACHINES INC,NASDAQ,2026-06-17;01:43:06,25,23.7,592.5,-592.5,0,-0.40533225,-592.90533225,22.72,592.90533225,0,BUY
STK,ASTS,AST SPACEMOBILE INC,NASDAQ,2026-06-17;03:24:51,-49,88.2,-4321.8,4321.8,0,-0.42938833,4321.37061167,85.43,-4204.523799,116.846813,SELL
STK,ASTS,AST SPACEMOBILE INC,NASDAQ,2026-06-17;03:24:51,-1,88.2,-88.2,88.2,0,-0.00161492,88.19838508,85.43,-85.806608,2.391777,SELL
STK,MU,MICRON TECHNOLOGY INC,NASDAQ,2026-06-17;10:14:04,5,1029.881,5149.405,-5149.405,0,-0.35127225,-5149.75627225,1043.19,5149.75627225,0,BUY
STK,MU,MICRON TECHNOLOGY INC,NASDAQ,2026-06-17;11:59:39,-5,1058.01,-5290.05,5290.05,0,-0.46122228,5289.58877772,1043.19,-5149.756272,139.832505,SELL
STK,ASTS,AST SPACEMOBILE INC,NASDAQ,2026-06-17;12:23:02,25,85.27,2131.75,-2131.75,0,-0.35533225,-2132.10533225,85.43,2132.10533225,0,BUY
STK,ASTS,AST SPACEMOBILE INC,NASDAQ,2026-06-17;12:23:02,25,85.27,2131.75,-2131.75,0,-0.005075,-2131.755075,85.43,2131.755075,0,BUY
STK,META,META PLATFORMS INC-CLASS A,NASDAQ,2026-06-17;12:40:20,0.9925,578.68,574.3399,-574.3399,0,-0.350458727,-574.690358727,567.58,574.690358727,0,BUY
STK,ASTS,AST SPACEMOBILE INC,NASDAQ,2026-06-17;13:34:34,-50,87.2,-4360,4360,0,-0.39497325,4359.60502675,85.43,-4263.860407,95.744619,SELL
STK,MU,MICRON TECHNOLOGY INC,NASDAQ,2026-06-21;22:27:12,5,1166,5830,-5830,0,-0.34827225,-5830.34827225,1211.38,5830.34827225,0,BUY
STK,MU,MICRON TECHNOLOGY INC,NASDAQ,2026-06-21;22:34:21,-5,1163,-5815,5815,0,-0.47703625,5814.52296375,1211.38,-5830.348272,-15.825309,SELL
STK,MU,MICRON TECHNOLOGY INC,NASDAQ,2026-06-21;22:35:57,5,1162.8,5814,-5814,0,-0.34827225,-5814.34827225,1211.38,5814.34827225,0,BUY
STK,MU,MICRON TECHNOLOGY INC,NASDAQ,2026-06-21;22:57:06,-3,1163,-3489,3489,0,-0.42152465,3488.57847535,1211.38,-3488.608963,-0.030488,SELL
STK,MU,MICRON TECHNOLOGY INC,NASDAQ,2026-06-21;22:57:06,-2,1163,-2326,2326,0,-0.0475116,2325.9524884,1211.38,-2325.739309,0.21318,SELL
STK,2DG,SIVERS SEMICONDUCTORS AB,FWB2,2026-06-22;03:25:25,250,8.62,2155,-2155,0,-1.25,-2156.25,9,2156.25,0,BUY
STK,2DG,SIVERS SEMICONDUCTORS AB,FWB2,2026-06-22;06:41:42,-250,9.055,-2263.75,2263.75,0,-1.25,2262.5,9,-2156.25,106.25,SELL
STK,MU,MICRON TECHNOLOGY INC,NASDAQ,2026-06-22;09:43:55,5,1173.27,5866.35,-5866.35,0,-0.35127225,-5866.70127225,1211.38,5866.70127225,0,BUY
STK,GOOGL,ALPHABET INC-CL A,NASDAQ,2026-06-22;13:30:02,1,347,347,-347,0,-0.34916025,-347.34916025,349.68,347.34916025,0,BUY
STK,GOOGL,ALPHABET INC-CL A,NASDAQ,2026-06-22;13:33:24,0.9925,346.905,344.3032125,-344.3032125,0,-0.000201477,-344.303413977,349.68,344.303413977,0,BUY
STK,MU,MICRON TECHNOLOGY INC,NASDAQ,2026-06-22;14:02:10,-5,1201.019,-6005.095,6005.095,0,-0.475952207,6004.619047793,1211.38,-5866.701272,137.917776,SELL
STK,MU,MICRON TECHNOLOGY INC,NASDAQ,2026-06-23;00:00:29,5,1177,5885,-5885,0,-0.34827225,-5885.34827225,1051.77,5885.34827225,0,BUY
STK,MU,MICRON TECHNOLOGY INC,NASDAQ,2026-06-23;10:02:44,2,1105,2210,-2210,0,-0.34806325,-2210.34806325,1051.77,2210.34806325,0,BUY
STK,MU,MICRON TECHNOLOGY INC,NASDAQ,2026-06-23;22:39:16,2,1086,2172,-2172,0,-0.34946325,-2172.34946325,1048.51,2172.34946325,0,BUY
STK,MU,MICRON TECHNOLOGY INC,NASDAQ,2026-06-24;21:36:43,-3,1203,-3609,3609,0,-0.42399665,3608.57600335,1213.56,-3531.208963,77.36704,SELL
STK,MU,MICRON TECHNOLOGY INC,NASDAQ,2026-06-24;21:36:43,-6,1203,-7218,7218,0,-0.1474788,7217.8525212,1213.56,-6736.836835,481.015686,SELL
STK,2DG,SIVERS SEMICONDUCTORS AB,FWB2,2026-06-25;04:28:27,250,7.29,1822.5,-1822.5,0,-1.25,-1823.75,6.44,1823.75,0,BUY
STK,2DG,SIVERS SEMICONDUCTORS AB,FWB2,2026-06-25;14:03:52,100,6.61,661,-661,0,-1.25,-662.25,6.44,662.25,0,BUY
STK,META,META PLATFORMS INC-CLASS A,NASDAQ,2026-06-26;09:33:45,0.0041,544.15,2.231015,-2.231015,0,-0.002233487,-2.233248487,550.25,2.233248487,0,BUY
STK,2DG,SIVERS SEMICONDUCTORS AB,FWB2,2026-06-26;15:23:30,100,5.96,596,-596,0,-1.25,-597.25,5.895,597.25,0,BUY
STK,MU,MICRON TECHNOLOGY INC,NASDAQ,2026-06-28;22:13:08,5,1137,5685,-5685,0,-0.34827225,-5685.34827225,1145.28,5685.34827225,0,BUY
STK,2DG,SIVERS SEMICONDUCTORS AB,FWB2,2026-06-29;02:12:25,100,5.75,575,-575,0,-1.25,-576.25,5.995,576.25,0,BUY
STK,MU,MICRON TECHNOLOGY INC,NASDAQ,2026-06-29;10:59:40,3,1061.82,3185.46,-3185.46,0,-0.35086625,-3185.81086625,1145.28,3185.81086625,0,BUY
STK,MU,MICRON TECHNOLOGY INC,NASDAQ,2026-06-29;10:59:40,2,1061.82,2123.64,-2123.64,0,-0.000406,-2123.640406,1145.28,2123.640406,0,BUY
STK,2DG,SIVERS SEMICONDUCTORS AB,FWB2,2026-06-30;09:10:40,150,5.7,855,-855,0,-1.25,-856.25,5.86,856.25,0,BUY
STK,2DG,SIVERS SEMICONDUCTORS AB,FWB2,2026-07-01;03:04:24,100,5.18,518,-518,0,-1.25,-519.25,5.59,519.25,0,BUY
STK,MU,MICRON TECHNOLOGY INC,NASDAQ,2026-07-01;10:43:18,2,1058.34,2116.68,-2116.68,0,-0.35666325,-2117.03666325,1032.28,2117.03666325,0,BUY
STK,MU,MICRON TECHNOLOGY INC,NASDAQ,2026-07-01;19:50:44,2,1020,2040,-2040,0,-0.34806325,-2040.34806325,1032.28,2040.34806325,0,BUY
STK,MU,MICRON TECHNOLOGY INC,NASDAQ,2026-07-02;11:06:36,1,980,980,-980,0,-0.34916025,-980.34916025,975.56,980.34916025,0,BUY
STK,2DG,SIVERS SEMICONDUCTORS AB,FWB2,2026-07-02;12:40:06,100,4.35,435,-435,0,-1.25,-436.25,4.436,436.25,0,BUY
STK,MU,MICRON TECHNOLOGY INC,NASDAQ,2026-07-07;01:05:35,1,917.14,917.14,-917.14,0,-0.35146025,-917.49146025,938.38,917.49146025,0,BUY
STK,2DG,SIVERS SEMICONDUCTORS AB,FWB2,2026-07-07;03:03:23,100,4,400,-400,0,-1.25,-401.25,3.74,401.25,0,BUY
STK,LUNR,INTUITIVE MACHINES INC,NASDAQ,2026-07-08;13:31:25,25,16.95,423.75,-423.75,0,-0.32283225,-424.07283225,17.02,424.07283225,0,BUY
STK,META,META PLATFORMS INC-CLASS A,NASDAQ,2026-07-10;10:03:09,-6,675,-4050,4050,0,-0.42827525,4049.57172475,669.21,-3763.198533,286.373193,SELL
STK,META,META PLATFORMS INC-CLASS A,NASDAQ,2026-07-10;10:03:18,-0.0041,675.32,-2.768812,2.768812,0,-0.000058669,2.768753331,669.21,-2.233248,0.535505,SELL
STK,JEDI,VANECK SPACE INNOVATORS ETF,SBF,2026-07-10;10:16:29,5,77.46,387.3,-387.3,0,-1.25,-388.55,77.73,388.55,0,BUY
STK,SKHY,SK HYNIX INC,NASDAQ,2026-07-13;09:54:12,3,156.2,468.6,-468.6,0,-0.34696625,-468.94696625,152.35,468.94696625,0,BUY
STK,SKHY,SK HYNIX INC,NASDAQ,2026-07-13;09:54:12,7,156.2,1093.4,-1093.4,0,0.007679,-1093.392321,152.35,1093.392321,0,BUY
STK,SKHY,SK HYNIX INC,NASDAQ,2026-07-13;11:48:02,5,152.5,762.5,-762.5,0,-0.34477225,-762.84477225,152.35,762.84477225,0,BUY
STK,LUNR,INTUITIVE MACHINES INC,NASDAQ,2026-07-14;10:16:15,25,15.15,378.75,-378.75,0,-0.32283225,-379.07283225,14.91,379.07283225,0,BUY
STK,MU,MICRON TECHNOLOGY INC,NASDAQ,2026-07-15;10:55:15,1,917.265,917.265,-917.265,0,-0.35046025,-917.61546025,904.28,917.61546025,0,BUY
STK,SKHY,SK HYNIX INC,NASDAQ,2026-07-15;12:03:35,5,170.4,852,-852,0,-0.34477225,-852.34477225,176.46,852.34477225,0,BUY
STK,MU,MICRON TECHNOLOGY INC,NASDAQ,2026-07-15;12:35:40,1,878.42,878.42,-878.42,0,-0.35046025,-878.77046025,904.28,878.77046025,0,BUY
STK,2DG,SIVERS SEMICONDUCTORS AB,FWB2,2026-07-16;10:04:07,100,3.17,317,-317,0,-1.25,-318.25,3,318.25,0,BUY
STK,JEDI,VANECK SPACE INNOVATORS ETF,SBF,2026-07-16;10:39:35,10,70.8,708,-708,0,-2.55,-710.55,70.77,710.55,0,BUY
STK,LUNR,INTUITIVE MACHINES INC,NASDAQ,2026-07-16;14:36:12,50,13.4,670,-670,0,-0.29540725,-670.29540725,13.44,670.29540725,0,BUY
STK,MU,MICRON TECHNOLOGY INC,NASDAQ,2026-07-22;09:30:00,0.002,938.2,1.8764,-1.8764,0,-0.001878185,-1.878278185,959.48,1.878278185,0,BUY
STK,GOOGL,ALPHABET INC-CL A,NASDAQ,2026-07-23;09:43:16,3,321,963,-963,0,-0.34696625,-963.34696625,317.69,963.34696625,0,BUY
STK,SKHY,SK HYNIX INC-ADR,NASDAQ,2026-07-24;09:41:33,-20,160.4,-3208,3208,0,-0.42430205,3207.57569795,154.57,-3177.528831,30.046866,SELL
STK,SKHY,SK HYNIX INC-ADR,NASDAQ,2026-07-24;14:01:26,5,156,780,-780,0,-0.33527225,-780.33527225,154.57,780.33527225,0,BUY
STK,SKHY,SK HYNIX INC-ADR,NASDAQ,2026-07-24;14:18:12,5,155,775,-775,0,-0.34477225,-775.34477225,154.57,775.34477225,0,BUY
STK,SKHY,SK HYNIX INC-ADR,NASDAQ,2026-07-27;02:37:42,10,163.5,1635,-1635,0,-0.34628725,-1635.34628725,143.02,1635.34628725,0,BUY
STK,JEDI,VANECK SPACE INNOVATORS ETF,SBF,2026-07-27;03:08:38,1,70.2,70.2,-70.2,0,-2.55,-72.75,69.02,72.75,0,BUY
STK,JEDI,VANECK SPACE INNOVATORS ETF,SBF,2026-07-27;03:09:49,4,70.15,280.6,-280.6,0,-0.0222448,-280.6222448,69.02,280.6222448,0,BUY
STK,INTC,INTEL CORP,NASDAQ,2026-07-27;09:41:55,25,92.89,2322.25,-2322.25,0,-0.35533225,-2322.60533225,91.67,2322.60533225,0,BUY
STK,SKHY,SK HYNIX INC-ADR,NASDAQ,2026-07-27;09:57:06,5,151,755,-755,0,-0.34477225,-755.34477225,143.02,755.34477225,0,BUY
STK,SKHY,SK HYNIX INC-ADR,NASDAQ,2026-07-28;19:09:41,5,122,610,-610,0,-0.34477225,-610.34477225,130.17,610.34477225,0,BUY
STK,INTC,INTEL CORP,NASDAQ,2026-07-30;10:49:04,-25,93.0905,-2327.2625,2327.2625,0,-0.408148857,2326.854351143,91.13,-2322.605332,4.249019,SELL
STK,ADBE,ADOBE INC,NASDAQ,2026-08-07;10:22:14,-18,267.93,-4822.74,4822.74,0,-0.456769694,4822.283230306,265.21,-4873.883369,-51.600138,SELL
STK,2DG,SIVERS SEMICONDUCTORS AB,FWB2,2026-08-10;09:38:57,150,3.96,594,-594,0,-1.25,-595.25,4.04,595.25,0,BUY
STK,AREC,AMERICAN RESOURCES CORP,NASDAQ,2026-08-10;09:40:56,-2,2.77,-5.54,5.54,0,-0.053750843,5.486249157,2.85,-9.617449,-4.1312,SELL
STK,AREC,AMERICAN RESOURCES CORP,NASDAQ,2026-08-10;09:40:57,-2,2.77,-5.54,5.54,0,-0.053750843,5.486249157,2.85,-9.617449,-4.1312,SELL
STK,AREC,AMERICAN RESOURCES CORP,NASDAQ,2026-08-10;09:40:59,-2,2.77,-5.54,5.54,0,-0.053750843,5.486249157,2.85,-9.617449,-4.1312,SELL
STK,AREC,AMERICAN RESOURCES CORP,NASDAQ,2026-08-10;09:41:01,-3,2.77,-8.31,8.31,0,-0.080626265,8.229373735,2.85,-14.426174,-6.1968,SELL
STK,AREC,AMERICAN RESOURCES CORP,NASDAQ,2026-08-10;09:41:03,-2,2.77,-5.54,5.54,0,-0.053750843,5.486249157,2.85,-9.617449,-4.1312,SELL
STK,AREC,AMERICAN RESOURCES CORP,NASDAQ,2026-08-10;09:41:03,-2,2.77,-5.54,5.54,0,-0.043643419,5.496356581,2.85,-9.617449,-4.121093,SELL
STK,AREC,AMERICAN RESOURCES CORP,NASDAQ,2026-08-10;09:41:04,-4,2.77,-11.08,11.08,0,0.003379752,11.083379752,2.85,-19.234898,-8.151519,SELL
STK,AREC,AMERICAN RESOURCES CORP,NASDAQ,2026-08-10;09:41:05,-4,2.77,-11.08,11.08,0,0.003379752,11.083379752,2.85,-19.234898,-8.151519,SELL
STK,AREC,AMERICAN RESOURCES CORP,NASDAQ,2026-08-10;09:41:06,-3,2.77,-8.31,8.31,0,0.002534814,8.312534814,2.85,-14.426174,-6.113639,SELL
STK,AREC,AMERICAN RESOURCES CORP,NASDAQ,2026-08-10;09:41:07,-4,2.77,-11.08,11.08,0,0.003379752,11.083379752,2.85,-19.234898,-8.151519,SELL
STK,AREC,AMERICAN RESOURCES CORP,NASDAQ,2026-08-10;09:41:08,-4,2.77,-11.08,11.08,0,0.003379752,11.083379752,2.85,-19.234898,-8.151519,SELL
STK,AREC,AMERICAN RESOURCES CORP,NASDAQ,2026-08-10;09:41:09,-4,2.77,-11.08,11.08,0,0.003379752,11.083379752,2.85,-19.234898,-8.151519,SELL
STK,AREC,AMERICAN RESOURCES CORP,NASDAQ,2026-08-10;09:41:10,-3,2.77,-8.31,8.31,0,0.002534814,8.312534814,2.85,-14.426174,-6.113639,SELL
STK,AREC,AMERICAN RESOURCES CORP,NASDAQ,2026-08-10;09:41:11,-4,2.77,-11.08,11.08,0,0.003379752,11.083379752,2.85,-19.234898,-8.151519,SELL
STK,AREC,AMERICAN RESOURCES CORP,NASDAQ,2026-08-10;09:41:12,-3,2.77,-8.31,8.31,0,0.002534814,8.312534814,2.85,-14.426174,-6.113639,SELL
STK,AREC,AMERICAN RESOURCES CORP,NASDAQ,2026-08-10;09:41:13,-4,2.77,-11.08,11.08,0,0.003379752,11.083379752,2.85,-19.234898,-8.151519,SELL
STK,AREC,AMERICAN RESOURCES CORP,NASDAQ,2026-08-10;09:41:15,-3,2.77,-8.31,8.31,0,0.002534814,8.312534814,2.85,-14.426174,-6.113639,SELL
STK,AREC,AMERICAN RESOURCES CORP,NASDAQ,2026-08-10;09:41:15,-1,2.77,-2.77,2.77,0,0.000844938,2.770844938,2.85,-4.808725,-2.03788,SELL
STK,AREC,AMERICAN RESOURCES CORP,NASDAQ,2026-08-10;09:41:17,-1,2.77,-2.77,2.77,0,0.000844938,2.770844938,2.85,-4.808725,-2.03788,SELL
STK,AREC,AMERICAN RESOURCES CORP,NASDAQ,2026-08-10;09:41:17,-3,2.77,-8.31,8.31,0,0.002534814,8.312534814,2.85,-14.426174,-6.113639,SELL
STK,AREC,AMERICAN RESOURCES CORP,NASDAQ,2026-08-10;09:41:19,-1,2.77,-2.77,2.77,0,0.000844938,2.770844938,2.85,-4.808725,-2.03788,SELL
STK,AREC,AMERICAN RESOURCES CORP,NASDAQ,2026-08-10;09:41:19,-3,2.77,-8.31,8.31,0,0.002534814,8.312534814,2.85,-14.426174,-6.113639,SELL
STK,AREC,AMERICAN RESOURCES CORP,NASDAQ,2026-08-10;09:41:20,-3,2.77,-8.31,8.31,0,0.002534814,8.312534814,2.85,-14.426174,-6.113639,SELL
STK,AREC,AMERICAN RESOURCES CORP,NASDAQ,2026-08-10;09:41:22,-3,2.77,-8.31,8.31,0,0.002534814,8.312534814,2.85,-14.426174,-6.113639,SELL
STK,AREC,AMERICAN RESOURCES CORP,NASDAQ,2026-08-10;09:41:22,-1,2.77,-2.77,2.77,0,0.000844938,2.770844938,2.85,-4.808725,-2.03788,SELL
STK,AREC,AMERICAN RESOURCES CORP,NASDAQ,2026-08-10;09:41:24,-3,2.77,-8.31,8.31,0,0.002534814,8.312534814,2.85,-14.426174,-6.113639,SELL
STK,AREC,AMERICAN RESOURCES CORP,NASDAQ,2026-08-10;09:41:26,-3,2.77,-8.31,8.31,0,0.002534814,8.312534814,2.85,-14.426174,-6.113639,SELL
STK,AREC,AMERICAN RESOURCES CORP,NASDAQ,2026-08-10;09:41:27,-3,2.77,-8.31,8.31,0,0.002534814,8.312534814,2.85,-14.426174,-6.113639,SELL
STK,AREC,AMERICAN RESOURCES CORP,NASDAQ,2026-08-10;09:41:29,-4,2.77,-11.08,11.08,0,0.003379752,11.083379752,2.85,-19.234898,-8.151519,SELL
STK,AREC,AMERICAN RESOURCES CORP,NASDAQ,2026-08-10;09:41:31,-3,2.77,-8.31,8.31,0,0.002534814,8.312534814,2.85,-14.426174,-6.113639,SELL
STK,AREC,AMERICAN RESOURCES CORP,NASDAQ,2026-08-10;09:41:36,-7,2.77,-19.39,19.39,0,0.005914566,19.395914566,2.85,-33.661072,-14.265157,SELL
STK,AREC,AMERICAN RESOURCES CORP,NASDAQ,2026-08-10;09:41:38,-1,2.77,-2.77,2.77,0,0.000844938,2.770844938,2.85,-4.808725,-2.03788,SELL
STK,AREC,AMERICAN RESOURCES CORP,NASDAQ,2026-08-10;09:41:40,-1,2.77,-2.77,2.77,0,0.000844938,2.770844938,2.85,-4.808725,-2.03788,SELL
STK,AREC,AMERICAN RESOURCES CORP,NASDAQ,2026-08-10;09:41:42,-1,2.77,-2.77,2.77,0,0.000844938,2.770844938,2.85,-4.808725,-2.03788,SELL
STK,AREC,AMERICAN RESOURCES CORP,NASDAQ,2026-08-10;09:41:44,-1,2.77,-2.77,2.77,0,0.000844938,2.770844938,2.85,-4.808725,-2.03788,SELL
STK,AREC,AMERICAN RESOURCES CORP,NASDAQ,2026-08-10;09:41:47,-1,2.77,-2.77,2.77,0,0.000844938,2.770844938,2.85,-4.808725,-2.03788,SELL
STK,AREC,AMERICAN RESOURCES CORP,NASDAQ,2026-08-10;09:41:49,-1,2.77,-2.77,2.77,0,0.000844938,2.770844938,2.85,-4.808725,-2.03788,SELL
STK,AREC,AMERICAN RESOURCES CORP,NASDAQ,2026-08-10;09:41:50,-1,2.77,-2.77,2.77,0,0.000844938,2.770844938,2.85,-4.808725,-2.03788,SELL
STK,AREC,AMERICAN RESOURCES CORP,NASDAQ,2026-08-10;09:41:51,-1,2.77,-2.77,2.77,0,0.000844938,2.770844938,2.85,-4.808725,-2.03788,SELL
STK,AREC,AMERICAN RESOURCES CORP,NASDAQ,2026-08-10;09:41:57,-1,2.77,-2.77,2.77,0,0.000844938,2.770844938,2.85,-2.503203,0.267642,SELL
STK,AREC,AMERICAN RESOURCES CORP,NASDAQ,2026-08-10;09:42:08,-1,2.77,-2.77,2.77,0,0.000844938,2.770844938,2.85,-2.503203,0.267642,SELL
STK,AREC,AMERICAN RESOURCES CORP,NASDAQ,2026-08-10;09:42:09,-1,2.77,-2.77,2.77,0,0.000844938,2.770844938,2.85,-2.503203,0.267642,SELL
STK,AREC,AMERICAN RESOURCES CORP,NASDAQ,2026-08-10;09:42:10,-1,2.77,-2.77,2.77,0,0.000844938,2.770844938,2.85,-2.503203,0.267642,SELL
STK,AREC,AMERICAN RESOURCES CORP,NASDAQ,2026-08-10;09:42:11,-1,2.77,-2.77,2.77,0,0.000844938,2.770844938,2.85,-2.503203,0.267642,SELL
STK,AREC,AMERICAN RESOURCES CORP,NASDAQ,2026-08-10;09:42:13,-2,2.77,-5.54,5.54,0,0.001689876,5.541689876,2.85,-5.006405,0.535285,SELL
STK,AREC,AMERICAN RESOURCES CORP,NASDAQ,2026-08-10;09:42:15,-1,2.77,-2.77,2.77,0,0.000844938,2.770844938,2.85,-2.503203,0.267642,SELL
STK,AREC,AMERICAN RESOURCES CORP,NASDAQ,2026-08-10;09:42:16,-1,2.77,-2.77,2.77,0,0.000844938,2.770844938,2.85,-2.503203,0.267642,SELL
STK,AREC,AMERICAN RESOURCES CORP,NASDAQ,2026-08-10;09:42:18,-1,2.77,-2.77,2.77,0,0.000844938,2.770844938,2.85,-2.503203,0.267642,SELL
STK,AREC,AMERICAN RESOURCES CORP,NASDAQ,2026-08-10;09:42:19,-1,2.77,-2.77,2.77,0,0.000844938,2.770844938,2.85,-2.503203,0.267642,SELL
STK,AREC,AMERICAN RESOURCES CORP,NASDAQ,2026-08-10;09:42:20,-1,2.77,-2.77,2.77,0,0.000844938,2.770844938,2.85,-2.503203,0.267642,SELL
STK,AREC,AMERICAN RESOURCES CORP,NASDAQ,2026-08-10;09:42:21,-1,2.77,-2.77,2.77,0,0.000844938,2.770844938,2.85,-2.503203,0.267642,SELL
STK,AREC,AMERICAN RESOURCES CORP,NASDAQ,2026-08-10;09:42:23,-1,2.77,-2.77,2.77,0,0.000844938,2.770844938,2.85,-2.503203,0.267642,SELL
STK,AREC,AMERICAN RESOURCES CORP,NASDAQ,2026-08-10;09:42:25,-1,2.77,-2.77,2.77,0,0.000844938,2.770844938,2.85,-2.503203,0.267642,SELL
STK,AREC,AMERICAN RESOURCES CORP,NASDAQ,2026-08-10;09:42:26,-1,2.77,-2.77,2.77,0,0.000844938,2.770844938,2.85,-2.503203,0.267642,SELL
STK,AREC,AMERICAN RESOURCES CORP,NASDAQ,2026-08-10;09:42:27,-1,2.77,-2.77,2.77,0,0.000844938,2.770844938,2.85,-2.503203,0.267642,SELL
STK,AREC,AMERICAN RESOURCES CORP,NASDAQ,2026-08-10;09:42:28,-1,2.77,-2.77,2.77,0,0.000844938,2.770844938,2.85,-2.503203,0.267642,SELL
STK,AREC,AMERICAN RESOURCES CORP,NASDAQ,2026-08-10;09:42:29,-1,2.77,-2.77,2.77,0,0.000844938,2.770844938,2.85,-2.503203,0.267642,SELL
STK,AREC,AMERICAN RESOURCES CORP,NASDAQ,2026-08-10;09:42:40,-1,2.77,-2.77,2.77,0,0.000844938,2.770844938,2.85,-2.503203,0.267642,SELL
STK,AREC,AMERICAN RESOURCES CORP,NASDAQ,2026-08-10;09:42:41,-1,2.77,-2.77,2.77,0,0.000844938,2.770844938,2.85,-2.503203,0.267642,SELL
STK,AREC,AMERICAN RESOURCES CORP,NASDAQ,2026-08-10;09:42:42,-1,2.77,-2.77,2.77,0,0.000844938,2.770844938,2.85,-2.503203,0.267642,SELL
STK,AREC,AMERICAN RESOURCES CORP,NASDAQ,2026-08-10;09:42:44,-1,2.77,-2.77,2.77,0,0.000844938,2.770844938,2.85,-2.503203,0.267642,SELL
STK,AREC,AMERICAN RESOURCES CORP,NASDAQ,2026-08-10;09:42:45,-1,2.77,-2.77,2.77,0,0.000844938,2.770844938,2.85,-2.503203,0.267642,SELL
STK,AREC,AMERICAN RESOURCES CORP,NASDAQ,2026-08-10;09:42:46,-1,2.77,-2.77,2.77,0,0.000844938,2.770844938,2.85,-2.503203,0.267642,SELL
STK,AREC,AMERICAN RESOURCES CORP,NASDAQ,2026-08-10;09:42:47,-1,2.77,-2.77,2.77,0,0.000844938,2.770844938,2.85,-2.503203,0.267642,SELL
STK,AREC,AMERICAN RESOURCES CORP,NASDAQ,2026-08-10;09:42:49,-1,2.77,-2.77,2.77,0,0.000844938,2.770844938,2.85,-2.503203,0.267642,SELL
STK,AREC,AMERICAN RESOURCES CORP,NASDAQ,2026-08-10;09:42:50,-1,2.77,-2.77,2.77,0,0.000844938,2.770844938,2.85,-2.503203,0.267642,SELL
STK,AREC,AMERICAN RESOURCES CORP,NASDAQ,2026-08-10;09:42:52,-1,2.77,-2.77,2.77,0,0.000844938,2.770844938,2.85,-2.503203,0.267642,SELL
STK,AREC,AMERICAN RESOURCES CORP,NASDAQ,2026-08-10;09:42:53,-1,2.77,-2.77,2.77,0,0.000844938,2.770844938,2.85,-2.503203,0.267642,SELL
STK,AREC,AMERICAN RESOURCES CORP,NASDAQ,2026-08-10;09:42:54,-1,2.77,-2.77,2.77,0,0.000844938,2.770844938,2.85,-2.503203,0.267642,SELL
STK,AREC,AMERICAN RESOURCES CORP,NASDAQ,2026-08-10;09:42:55,-1,2.77,-2.77,2.77,0,0.000844938,2.770844938,2.85,-2.503203,0.267642,SELL
STK,AREC,AMERICAN RESOURCES CORP,NASDAQ,2026-08-10;09:42:57,-1,2.77,-2.77,2.77,0,0.000844938,2.770844938,2.85,-2.503203,0.267642,SELL
STK,AREC,AMERICAN RESOURCES CORP,NASDAQ,2026-08-10;09:42:58,-1,2.77,-2.77,2.77,0,-0.000055724,2.769944276,2.85,-2.503203,0.266742,SELL
STK,AREC,AMERICAN RESOURCES CORP,NASDAQ,2026-08-10;09:43:00,-1,2.77,-2.77,2.77,0,0.000844938,2.770844938,2.85,-2.503203,0.267642,SELL
STK,AREC,AMERICAN RESOURCES CORP,NASDAQ,2026-08-10;09:43:01,-1,2.77,-2.77,2.77,0,-0.002657634,2.767342366,2.85,-2.503203,0.26414,SELL
STK,AREC,AMERICAN RESOURCES CORP,NASDAQ,2026-08-10;09:43:02,-1,2.77,-2.77,2.77,0,-0.002657635,2.767342365,2.85,-2.503203,0.26414,SELL
STK,AREC,AMERICAN RESOURCES CORP,NASDAQ,2026-08-10;09:43:04,-212,2.77,-587.24,587.24,0,0.179126856,587.419126856,2.85,-493.364073,94.055054,SELL
STK,AREC,AMERICAN RESOURCES CORP,NASDAQ,2026-08-10;09:43:04,-1,2.77,-2.77,2.77,0,-0.002657635,2.767342365,2.85,-2.503203,0.26414,SELL
STK,SKHY,SK HYNIX INC-ADR,NASDAQ,2026-08-13;11:53:19,-15,165.5,-2482.5,2482.5,0,-0.38786675,2482.11213325,165.67,-2373.353188,108.758946,SELL
OPT,LUNR  260821C00023000,LUNR 21AUG26 23 C,CBOE,2026-08-13;14:12:47,-1,0.05,-5,5,0,-1.530693,3.469307,0.0624,-3.469307,0,SELL
STK,SKHY,SK HYNIX INC-ADR,NASDAQ,2026-08-14;09:41:46,-15,169,-2535,2535,0,-0.38894825,2534.61105175,166.33,-2183.362688,351.248365,SELL
OPT,LUNR  260821C00023000,LUNR 21AUG26 23 C,CBOE,2026-08-14;09:45:01,1,0.2,20,-20,0,-0.7673,-20.7673,0.1113,3.469307,-17.297993,BUY
STK,SKHY,SK HYNIX INC-ADR,NASDAQ,2026-08-17;01:42:17,10,172.5,1725,-1725,0,-0.34628725,-1725.34628725,171.38,1725.34628725,0,BUY
STK,IREN,IREN LTD,NASDAQ,2026-08-17;08:26:18,50,45,2250,-2250,0,-0.29540725,-2250.29540725,44.9,2250.29540725,0,BUY
STK,SKHY,SK HYNIX INC-ADR,NASDAQ,2026-08-17;09:30:02,-10,173.5,-1735,1735,0,-0.37697825,1734.62302175,171.38,-1725.346287,9.276734,SELL
STK,IREN,IREN LTD,NASDAQ,2026-08-17;15:12:01,-50,45.28,-2264,2264,0,-0.35179565,2263.64820435,44.9,-2250.295407,13.352797,SELL
STK,IREN,IREN LTD,NASDAQ,2026-08-18;09:43:24,50,44.7,2235,-2235,0,-0.29540725,-2235.29540725,42,2235.29540725,0,BUY
STK,IREN,IREN LTD,NASDAQ,2026-08-18;09:52:07,50,43.8,2190,-2190,0,-0.29540725,-2190.29540725,42,2190.29540725,0,BUY
STK,IREN,IREN LTD,NASDAQ,2026-08-18;10:55:38,25,42.5,1062.5,-1062.5,0,-0.32283225,-1062.82283225,42,1062.82283225,0,BUY
STK,IREN,IREN LTD,NASDAQ,2026-08-18;15:12:12,25,41.84,1046,-1046,0,-0.32283225,-1046.32283225,42,1046.32283225,0,BUY
STK,SKHY,SK HYNIX INC-ADR,NASDAQ,2026-08-19;17:28:47,5,158.35,791.75,-791.75,0,-0.34477225,-792.09477225,156.16,792.09477225,0,BUY
STK,SKHY,SK HYNIX INC-ADR,NASDAQ,2026-08-20;06:09:51,-5,164,-820,820,0,-0.36263925,819.63736075,163.08,-792.094772,27.542589,SELL
STK,IREN,IREN LTD,NASDAQ,2026-08-20;14:20:54,25,41.526,1038.15,-1038.15,0,-0.35533225,-1038.50533225,42.6,1038.50533225,0,BUY
STK,IREN,IREN LTD,NASDAQ,2026-08-21;09:30:01,-175,44.3,-7752.5,7752.5,0,-0.614801687,7751.885198313,41.88,-7573.24181,178.643387,SELL
STK,IREN,IREN LTD,NASDAQ,2026-08-21;10:45:47,50,41.05,2052.5,-2052.5,0,-0.29540725,-2052.79540725,41.88,2052.79540725,0,BUY
STK,IREN,IREN LTD,NASDAQ,2026-08-24;07:00:47,50,40.84,2042,-2042,0,-0.51040725,-2042.51040725,39.81,2042.51040725,0,BUY
STK,IREN,IREN LTD,NASDAQ,2026-08-24;16:38:32,25,39.81,995.25,-995.25,0,-0.32283225,-995.57283225,39.81,995.57283225,0,BUY
STK,IREN,IREN LTD,NASDAQ,2026-08-24;19:30:58,50,39.6,1980,-1980,0,-0.29540725,-1980.29540725,39.81,1980.29540725,0,BUY
STK,IREN,IREN LTD,NASDAQ,2026-08-26;13:12:55,25,39.8383,995.9575,-995.9575,0,-0.35533225,-996.31283225,39.58,996.31283225,0,BUY
STK,SKHY,SK HYNIX INC-ADR,NASDAQ,2026-08-26;17:08:36,13,163.7,2128.1,-2128.1,0,-0.33599625,-2128.43599625,158.02,2128.43599625,0,BUY
STK,SKHY,SK HYNIX INC-ADR,NASDAQ,2026-08-26;17:08:36,7,163.7,1145.9,-1145.9,0,0.007679,-1145.892321,158.02,1145.892321,0,BUY
STK,SKHY,SK HYNIX INC-ADR,NASDAQ,2026-08-27;07:31:41,-20,164.7,-3294,3294,0,-0.40007365,3293.59992635,161.61,-3274.328317,19.271609,SELL
STK,IREN,IREN LTD,NASDAQ,2026-08-27;09:30:09,-200,40.375,-8075,8075,0,-0.9464595,8074.0535405,40.53,-8067.486885,6.566656,SELL
STK,IREN,IREN LTD,NASDAQ,2026-08-27;09:30:51,100,40.7,4070,-4070,0,-0.35055725,-4070.35055725,40.53,4070.35055725,0,BUY
STK,IREN,IREN LTD,NASDAQ,2026-08-27;09:55:01,-100,41.2,-4120,4120,0,-0.34492925,4119.65507075,40.53,-4070.350557,49.304514,SELL
STK,2DG,SIVERS SEMICONDUCTORS AB,FWB2,2026-08-27;14:13:57,100,2.864,286.4,-286.4,0,-1.25,-287.65,2.95,287.65,0,BUY
STK,IREN,IREN LTD,NASDAQ,2026-08-28;09:40:33,100,37.75,3775,-3775,0,-0.24055725,-3775.24055725,35.45,3775.24055725,0,BUY
STK,IREN,IREN LTD,NASDAQ,2026-08-28;09:45:49,-100,37.7,-3770,3770,0,-0.33771925,3769.66228075,35.45,-3775.240557,-5.578277,SELL
STK,GOOGL,ALPHABET INC-CL A,NASDAQ,2026-08-31;10:05:43,3,339.16,1017.48,-1017.48,0,-0.35086625,-1017.83086625,339.35,1017.83086625,0,BUY
STK,VWCG,VANG FTSE EUR EURA,IBIS2,2026-09-01;10:49:07,10,60.22,602.2,-602.2,0,-2.55,-604.75,60.3,604.75,0,BUY
STK,JEDI,VANECK SPACE INNOVATORS ETF,SBF,2026-09-02;06:02:55,5,66.32,331.6,-331.6,0,-1.25,-332.85,67.38,332.85,0,BUY
STK,ASTS,AST SPACEMOBILE INC,NASDAQ,2026-09-02;07:27:34,25,56,1400,-1400,0,-0.32283225,-1400.32283225,62.4,1400.32283225,0,BUY
STK,ASTS,AST SPACEMOBILE INC,NASDAQ,2026-09-02;08:57:06,-25,58.1,-1452.5,1452.5,0,-0.35762875,1452.14237125,62.4,-1400.322832,51.819539,SELL
STK,SKHY,SK HYNIX INC-ADR,NASDAQ,2026-09-02;10:00:10,10,160.075,1600.75,-1600.75,0,-0.35228725,-1601.10228725,164.98,1601.10228725,0,BUY
STK,2DG,SIVERS SEMICONDUCTORS AB,FWB2,2026-09-02;10:06:00,150,2.08,312,-312,0,-1.25,-313.25,1.928,313.25,0,BUY
STK,SKHY,SK HYNIX INC-ADR,NASDAQ,2026-09-02;11:00:42,-10,160.2,-1602,1602,0,-0.38723845,1601.61276155,164.98,-1601.102287,0.510474,SELL
STK,IREN,IREN LTD,NASDAQ,2026-09-04;09:54:14,100,42.48,4248,-4248,0,-0.24055725,-4248.24055725,44.68,4248.24055725,0,BUY
STK,IREN,IREN LTD,NASDAQ,2026-09-04;10:07:05,-100,42.75,-4275,4275,0,-0.34812225,4274.65187775,44.68,-4248.240557,26.41132,SELL
STK,GOOGL,ALPHABET INC-CL A,NASDAQ,2026-09-09;09:48:39,2,328.74,657.48,-657.48,0,-0.35066325,-657.83066325,330.65,657.83066325,0,BUY